-- phpMyAdmin SQL Dump
-- version 5.2.1
-- https://www.phpmyadmin.net/
--
-- Máy chủ: localhost
-- Thời gian đã tạo: Th12 07, 2025 lúc 10:36 PM
-- Phiên bản máy phục vụ: 10.4.28-MariaDB
-- Phiên bản PHP: 8.0.28

SET SQL_MODE = "NO_AUTO_VALUE_ON_ZERO";
START TRANSACTION;
SET time_zone = "+00:00";


/*!40101 SET @OLD_CHARACTER_SET_CLIENT=@@CHARACTER_SET_CLIENT */;
/*!40101 SET @OLD_CHARACTER_SET_RESULTS=@@CHARACTER_SET_RESULTS */;
/*!40101 SET @OLD_COLLATION_CONNECTION=@@COLLATION_CONNECTION */;
/*!40101 SET NAMES utf8mb4 */;

--
-- Cơ sở dữ liệu: `educore_db`
--

-- --------------------------------------------------------

--
-- Cấu trúc bảng cho bảng `classes`
--

CREATE TABLE `classes` (
  `id` varchar(100) NOT NULL COMMENT 'Unique ID (e.g., CO1001_L01_2024-1)',
  `name` varchar(50) NOT NULL COMMENT 'Class Name (e.g., L01)',
  `semester` varchar(20) NOT NULL COMMENT 'e.g., 2024-1',
  `course_id` varchar(50) NOT NULL
) ENGINE=InnoDB DEFAULT CHARSET=utf8mb4 COLLATE=utf8mb4_unicode_ci;

--
-- Đang đổ dữ liệu cho bảng `classes`
--

INSERT INTO `classes` (`id`, `name`, `semester`, `course_id`) VALUES
('CH1004_L01_2022-2', 'L01', '2022-2', 'CH1004'),
('CH1004_L01_2023-1', 'L01', '2023-1', 'CH1004'),
('CH1004_L01_2023-2', 'L01', '2023-2', 'CH1004'),
('CH1004_L01_2024-1', 'L01', '2024-1', 'CH1004'),
('CH1004_L02_2022-2', 'L02', '2022-2', 'CH1004'),
('CH1004_L03_2022-2', 'L03', '2022-2', 'CH1004'),
('CH1004_L04_2022-2', 'L04', '2022-2', 'CH1004'),
('CH1014_L01_2022-2', 'L01', '2022-2', 'CH1014'),
('CH1014_L01_2023-1', 'L01', '2023-1', 'CH1014'),
('CH1014_L01_2023-2', 'L01', '2023-2', 'CH1014'),
('CH1014_L01_2024-1', 'L01', '2024-1', 'CH1014'),
('CH1014_L02_2022-2', 'L02', '2022-2', 'CH1014'),
('CH1014_L03_2022-2', 'L03', '2022-2', 'CH1014'),
('CH1014_L04_2022-2', 'L04', '2022-2', 'CH1014'),
('CO1001_L01_2022-2', 'L01', '2022-2', 'CO1001'),
('CO1001_L01_2023-1', 'L01', '2023-1', 'CO1001'),
('CO1001_L01_2023-2', 'L01', '2023-2', 'CO1001'),
('CO1001_L01_2024-1', 'L01', '2024-1', 'CO1001'),
('CO1001_L02_2022-2', 'L02', '2022-2', 'CO1001'),
('CO1001_L03_2022-2', 'L03', '2022-2', 'CO1001'),
('CO1001_L04_2022-2', 'L04', '2022-2', 'CO1001'),
('CO1006_L01_2022-2', 'L01', '2022-2', 'CO1006'),
('CO1006_L01_2023-1', 'L01', '2023-1', 'CO1006'),
('CO1006_L01_2023-2', 'L01', '2023-2', 'CO1006'),
('CO1006_L01_2024-1', 'L01', '2024-1', 'CO1006'),
('CO1006_L02_2022-2', 'L02', '2022-2', 'CO1006'),
('CO1006_L03_2022-2', 'L03', '2022-2', 'CO1006'),
('CO1006_L04_2022-2', 'L04', '2022-2', 'CO1006'),
('CO1011_L01_2022-2', 'L01', '2022-2', 'CO1011'),
('CO1011_L01_2023-1', 'L01', '2023-1', 'CO1011'),
('CO1011_L01_2023-2', 'L01', '2023-2', 'CO1011'),
('CO1011_L01_2024-1', 'L01', '2024-1', 'CO1011'),
('CO1011_L02_2022-2', 'L02', '2022-2', 'CO1011'),
('CO1011_L03_2022-2', 'L03', '2022-2', 'CO1011'),
('CO1011_L04_2022-2', 'L04', '2022-2', 'CO1011'),
('CO1018_L01_2022-2', 'L01', '2022-2', 'CO1018'),
('CO1018_L01_2023-1', 'L01', '2023-1', 'CO1018'),
('CO1018_L01_2023-2', 'L01', '2023-2', 'CO1018'),
('CO1018_L01_2024-1', 'L01', '2024-1', 'CO1018'),
('CO1018_L02_2022-2', 'L02', '2022-2', 'CO1018'),
('CO1018_L03_2022-2', 'L03', '2022-2', 'CO1018'),
('CO1018_L04_2022-2', 'L04', '2022-2', 'CO1018'),
('CS1009_L01_2022-2', 'L01', '2022-2', 'CS1009'),
('CS1009_L01_2023-1', 'L01', '2023-1', 'CS1009'),
('CS1009_L01_2023-2', 'L01', '2023-2', 'CS1009'),
('CS1009_L01_2024-1', 'L01', '2024-1', 'CS1009'),
('CS1009_L02_2022-2', 'L02', '2022-2', 'CS1009'),
('CS1009_L03_2022-2', 'L03', '2022-2', 'CS1009'),
('CS1009_L04_2022-2', 'L04', '2022-2', 'CS1009'),
('CS1016_L01_2022-2', 'L01', '2022-2', 'CS1016'),
('CS1016_L01_2023-1', 'L01', '2023-1', 'CS1016'),
('CS1016_L01_2023-2', 'L01', '2023-2', 'CS1016'),
('CS1016_L01_2024-1', 'L01', '2024-1', 'CS1016'),
('CS1016_L02_2022-2', 'L02', '2022-2', 'CS1016'),
('CS1016_L03_2022-2', 'L03', '2022-2', 'CS1016'),
('CS1016_L04_2022-2', 'L04', '2022-2', 'CS1016'),
('CS1020_L01_2022-2', 'L01', '2022-2', 'CS1020'),
('CS1020_L01_2023-1', 'L01', '2023-1', 'CS1020'),
('CS1020_L01_2023-2', 'L01', '2023-2', 'CS1020'),
('CS1020_L01_2024-1', 'L01', '2024-1', 'CS1020'),
('CS1020_L02_2022-2', 'L02', '2022-2', 'CS1020'),
('CS1020_L03_2022-2', 'L03', '2022-2', 'CS1020'),
('CS1020_L04_2022-2', 'L04', '2022-2', 'CS1020'),
('EE1010_L01_2022-2', 'L01', '2022-2', 'EE1010'),
('EE1010_L01_2023-1', 'L01', '2023-1', 'EE1010'),
('EE1010_L01_2023-2', 'L01', '2023-2', 'EE1010'),
('EE1010_L01_2024-1', 'L01', '2024-1', 'EE1010'),
('EE1010_L02_2022-2', 'L02', '2022-2', 'EE1010'),
('EE1010_L03_2022-2', 'L03', '2022-2', 'EE1010'),
('EE1010_L04_2022-2', 'L04', '2022-2', 'EE1010'),
('EE1017_L01_2022-2', 'L01', '2022-2', 'EE1017'),
('EE1017_L01_2023-1', 'L01', '2023-1', 'EE1017'),
('EE1017_L01_2023-2', 'L01', '2023-2', 'EE1017'),
('EE1017_L01_2024-1', 'L01', '2024-1', 'EE1017'),
('EE1017_L02_2022-2', 'L02', '2022-2', 'EE1017'),
('EE1017_L03_2022-2', 'L03', '2022-2', 'EE1017'),
('EE1017_L04_2022-2', 'L04', '2022-2', 'EE1017'),
('EN1005_L01_2022-2', 'L01', '2022-2', 'EN1005'),
('EN1005_L01_2023-1', 'L01', '2023-1', 'EN1005'),
('EN1005_L01_2023-2', 'L01', '2023-2', 'EN1005'),
('EN1005_L01_2024-1', 'L01', '2024-1', 'EN1005'),
('EN1005_L02_2022-2', 'L02', '2022-2', 'EN1005'),
('EN1005_L03_2022-2', 'L03', '2022-2', 'EN1005'),
('EN1005_L04_2022-2', 'L04', '2022-2', 'EN1005'),
('EN1015_L01_2022-2', 'L01', '2022-2', 'EN1015'),
('EN1015_L01_2023-1', 'L01', '2023-1', 'EN1015'),
('EN1015_L01_2023-2', 'L01', '2023-2', 'EN1015'),
('EN1015_L01_2024-1', 'L01', '2024-1', 'EN1015'),
('EN1015_L02_2022-2', 'L02', '2022-2', 'EN1015'),
('EN1015_L03_2022-2', 'L03', '2022-2', 'EN1015'),
('EN1015_L04_2022-2', 'L04', '2022-2', 'EN1015'),
('MA1003_L01_2022-2', 'L01', '2022-2', 'MA1003'),
('MA1003_L01_2023-1', 'L01', '2023-1', 'MA1003'),
('MA1003_L01_2023-2', 'L01', '2023-2', 'MA1003'),
('MA1003_L01_2024-1', 'L01', '2024-1', 'MA1003'),
('MA1003_L02_2022-2', 'L02', '2022-2', 'MA1003'),
('MA1003_L03_2022-2', 'L03', '2022-2', 'MA1003'),
('MA1003_L04_2022-2', 'L04', '2022-2', 'MA1003'),
('MA1008_L01_2022-2', 'L01', '2022-2', 'MA1008'),
('MA1008_L01_2023-1', 'L01', '2023-1', 'MA1008'),
('MA1008_L01_2023-2', 'L01', '2023-2', 'MA1008'),
('MA1008_L01_2024-1', 'L01', '2024-1', 'MA1008'),
('MA1008_L02_2022-2', 'L02', '2022-2', 'MA1008'),
('MA1008_L03_2022-2', 'L03', '2022-2', 'MA1008'),
('MA1008_L04_2022-2', 'L04', '2022-2', 'MA1008'),
('MA1012_L01_2022-2', 'L01', '2022-2', 'MA1012'),
('MA1012_L01_2023-1', 'L01', '2023-1', 'MA1012'),
('MA1012_L01_2023-2', 'L01', '2023-2', 'MA1012'),
('MA1012_L01_2024-1', 'L01', '2024-1', 'MA1012'),
('MA1012_L02_2022-2', 'L02', '2022-2', 'MA1012'),
('MA1012_L03_2022-2', 'L03', '2022-2', 'MA1012'),
('MA1012_L04_2022-2', 'L04', '2022-2', 'MA1012'),
('MA1019_L01_2022-2', 'L01', '2022-2', 'MA1019'),
('MA1019_L01_2023-1', 'L01', '2023-1', 'MA1019'),
('MA1019_L01_2023-2', 'L01', '2023-2', 'MA1019'),
('MA1019_L01_2024-1', 'L01', '2024-1', 'MA1019'),
('MA1019_L02_2022-2', 'L02', '2022-2', 'MA1019'),
('MA1019_L03_2022-2', 'L03', '2022-2', 'MA1019'),
('MA1019_L04_2022-2', 'L04', '2022-2', 'MA1019'),
('PH1002_L01_2022-2', 'L01', '2022-2', 'PH1002'),
('PH1002_L01_2023-1', 'L01', '2023-1', 'PH1002'),
('PH1002_L01_2023-2', 'L01', '2023-2', 'PH1002'),
('PH1002_L01_2024-1', 'L01', '2024-1', 'PH1002'),
('PH1002_L02_2022-2', 'L02', '2022-2', 'PH1002'),
('PH1002_L03_2022-2', 'L03', '2022-2', 'PH1002'),
('PH1002_L04_2022-2', 'L04', '2022-2', 'PH1002'),
('PH1007_L01_2022-2', 'L01', '2022-2', 'PH1007'),
('PH1007_L01_2023-1', 'L01', '2023-1', 'PH1007'),
('PH1007_L01_2023-2', 'L01', '2023-2', 'PH1007'),
('PH1007_L01_2024-1', 'L01', '2024-1', 'PH1007'),
('PH1007_L02_2022-2', 'L02', '2022-2', 'PH1007'),
('PH1007_L03_2022-2', 'L03', '2022-2', 'PH1007'),
('PH1007_L04_2022-2', 'L04', '2022-2', 'PH1007'),
('PH1013_L01_2022-2', 'L01', '2022-2', 'PH1013'),
('PH1013_L01_2023-1', 'L01', '2023-1', 'PH1013'),
('PH1013_L01_2023-2', 'L01', '2023-2', 'PH1013'),
('PH1013_L01_2024-1', 'L01', '2024-1', 'PH1013'),
('PH1013_L02_2022-2', 'L02', '2022-2', 'PH1013'),
('PH1013_L03_2022-2', 'L03', '2022-2', 'PH1013'),
('PH1013_L04_2022-2', 'L04', '2022-2', 'PH1013');

-- --------------------------------------------------------

--
-- Cấu trúc bảng cho bảng `courses`
--

CREATE TABLE `courses` (
  `id` varchar(50) NOT NULL COMMENT 'Usually same as code',
  `code` varchar(20) NOT NULL COMMENT 'Course Code (e.g., CO1001)',
  `name` varchar(200) NOT NULL,
  `credits` int(11) NOT NULL DEFAULT 3
) ENGINE=InnoDB DEFAULT CHARSET=utf8mb4 COLLATE=utf8mb4_unicode_ci;

--
-- Đang đổ dữ liệu cho bảng `courses`
--

INSERT INTO `courses` (`id`, `code`, `name`, `credits`) VALUES
('CH1004', 'CH1004', 'Hóa học đại cương', 3),
('CH1014', 'CH1014', 'Hóa hữu cơ', 3),
('CO1001', 'CO1001', 'Nhập môn Điện toán', 3),
('CO1006', 'CO1006', 'Lập trình cơ bản', 3),
('CO1011', 'CO1011', 'Cơ sở dữ liệu', 3),
('CO1018', 'CO1018', 'Mạng máy tính', 3),
('CS1009', 'CS1009', 'Cấu trúc dữ liệu', 3),
('CS1016', 'CS1016', 'Thuật toán', 3),
('CS1020', 'CS1020', 'Trí tuệ nhân tạo', 3),
('EE1010', 'EE1010', 'Mạch điện tử', 3),
('EE1017', 'EE1017', 'Vi xử lý', 3),
('EN1005', 'EN1005', 'Tiếng Anh cơ bản', 2),
('EN1015', 'EN1015', 'Tiếng Anh chuyên ngành', 2),
('MA1003', 'MA1003', 'Giải tích 1', 4),
('MA1008', 'MA1008', 'Giải tích 2', 4),
('MA1012', 'MA1012', 'Đại số tuyến tính', 3),
('MA1019', 'MA1019', 'Xác suất thống kê', 3),
('PH1002', 'PH1002', 'Vật lý đại cương 1', 4),
('PH1007', 'PH1007', 'Vật lý đại cương 2', 4),
('PH1013', 'PH1013', 'Vật lý lượng tử', 3);

-- --------------------------------------------------------

--
-- Cấu trúc bảng cho bảng `enrollments`
--

CREATE TABLE `enrollments` (
  `id` varchar(50) NOT NULL,
  `student_id` varchar(50) NOT NULL,
  `class_id` varchar(100) NOT NULL,
  `course_id` varchar(50) NOT NULL,
  `enrolled_at` timestamp NOT NULL DEFAULT current_timestamp()
) ENGINE=InnoDB DEFAULT CHARSET=utf8mb4 COLLATE=utf8mb4_unicode_ci;

--
-- Đang đổ dữ liệu cho bảng `enrollments`
--

INSERT INTO `enrollments` (`id`, `student_id`, `class_id`, `course_id`, `enrolled_at`) VALUES
('enr_1765142886516', '1952705', 'CH1014_L04_2022-2', 'CH1014', '2025-12-07 21:28:06'),
('enr_2400001_CH1004_L01_2024-1', '2400001', 'CH1004_L01_2024-1', 'CH1004', '2025-12-07 21:27:10'),
('enr_2400001_CH1014_L01_2023-2', '2400001', 'CH1014_L01_2023-2', 'CH1014', '2025-12-07 21:27:10'),
('enr_2400001_CO1001_L01_2024-1', '2400001', 'CO1001_L01_2024-1', 'CO1001', '2025-12-07 21:27:10'),
('enr_2400001_CO1006_L01_2023-1', '2400001', 'CO1006_L01_2023-1', 'CO1006', '2025-12-07 21:27:10'),
('enr_2400001_CO1011_L01_2023-2', '2400001', 'CO1011_L01_2023-2', 'CO1011', '2025-12-07 21:27:10'),
('enr_2400001_CO1018_L01_2023-1', '2400001', 'CO1018_L01_2023-1', 'CO1018', '2025-12-07 21:27:10'),
('enr_2400001_CS1016_L01_2022-2', '2400001', 'CS1016_L01_2022-2', 'CS1016', '2025-12-07 21:27:10'),
('enr_2400001_CS1020_L01_2022-2', '2400001', 'CS1020_L01_2022-2', 'CS1020', '2025-12-07 21:27:10'),
('enr_2400001_EE1010_L01_2023-1', '2400001', 'EE1010_L01_2023-1', 'EE1010', '2025-12-07 21:27:10'),
('enr_2400001_EN1005_L01_2022-2', '2400001', 'EN1005_L01_2022-2', 'EN1005', '2025-12-07 21:27:10'),
('enr_2400001_EN1015_L01_2023-2', '2400001', 'EN1015_L01_2023-2', 'EN1015', '2025-12-07 21:27:10'),
('enr_2400001_MA1003_L01_2023-2', '2400001', 'MA1003_L01_2023-2', 'MA1003', '2025-12-07 21:27:10'),
('enr_2400001_MA1012_L01_2023-1', '2400001', 'MA1012_L01_2023-1', 'MA1012', '2025-12-07 21:27:10'),
('enr_2400001_MA1019_L01_2023-1', '2400001', 'MA1019_L01_2023-1', 'MA1019', '2025-12-07 21:27:10'),
('enr_2400001_PH1002_L01_2022-2', '2400001', 'PH1002_L01_2022-2', 'PH1002', '2025-12-07 21:27:10'),
('enr_2400001_PH1007_L01_2023-2', '2400001', 'PH1007_L01_2023-2', 'PH1007', '2025-12-07 21:27:10'),
('enr_2400001_PH1013_L01_2022-2', '2400001', 'PH1013_L01_2022-2', 'PH1013', '2025-12-07 21:27:10'),
('enr_2400002_CH1004_L01_2023-2', '2400002', 'CH1004_L01_2023-2', 'CH1004', '2025-12-07 21:27:10'),
('enr_2400002_CH1014_L01_2023-1', '2400002', 'CH1014_L01_2023-1', 'CH1014', '2025-12-07 21:27:10'),
('enr_2400002_CO1001_L01_2022-2', '2400002', 'CO1001_L01_2022-2', 'CO1001', '2025-12-07 21:27:10'),
('enr_2400002_CO1006_L01_2023-2', '2400002', 'CO1006_L01_2023-2', 'CO1006', '2025-12-07 21:27:10'),
('enr_2400002_CS1016_L01_2023-2', '2400002', 'CS1016_L01_2023-2', 'CS1016', '2025-12-07 21:27:10'),
('enr_2400002_CS1020_L01_2022-2', '2400002', 'CS1020_L01_2022-2', 'CS1020', '2025-12-07 21:27:10'),
('enr_2400002_EE1010_L01_2022-2', '2400002', 'EE1010_L01_2022-2', 'EE1010', '2025-12-07 21:27:10'),
('enr_2400002_EE1017_L01_2023-2', '2400002', 'EE1017_L01_2023-2', 'EE1017', '2025-12-07 21:27:10'),
('enr_2400002_EN1005_L01_2022-2', '2400002', 'EN1005_L01_2022-2', 'EN1005', '2025-12-07 21:27:10'),
('enr_2400002_EN1015_L01_2023-1', '2400002', 'EN1015_L01_2023-1', 'EN1015', '2025-12-07 21:27:10'),
('enr_2400002_MA1003_L01_2023-1', '2400002', 'MA1003_L01_2023-1', 'MA1003', '2025-12-07 21:27:10'),
('enr_2400002_MA1008_L01_2024-1', '2400002', 'MA1008_L01_2024-1', 'MA1008', '2025-12-07 21:27:10'),
('enr_2400002_MA1012_L01_2023-2', '2400002', 'MA1012_L01_2023-2', 'MA1012', '2025-12-07 21:27:10'),
('enr_2400002_MA1019_L01_2023-1', '2400002', 'MA1019_L01_2023-1', 'MA1019', '2025-12-07 21:27:10'),
('enr_2400002_PH1002_L01_2024-1', '2400002', 'PH1002_L01_2024-1', 'PH1002', '2025-12-07 21:27:10'),
('enr_2400002_PH1007_L01_2023-1', '2400002', 'PH1007_L01_2023-1', 'PH1007', '2025-12-07 21:27:10'),
('enr_2400002_PH1013_L01_2022-2', '2400002', 'PH1013_L01_2022-2', 'PH1013', '2025-12-07 21:27:10'),
('enr_2400003_CH1004_L01_2023-1', '2400003', 'CH1004_L01_2023-1', 'CH1004', '2025-12-07 21:27:10'),
('enr_2400003_CH1014_L01_2023-2', '2400003', 'CH1014_L01_2023-2', 'CH1014', '2025-12-07 21:27:10'),
('enr_2400003_CO1001_L01_2024-1', '2400003', 'CO1001_L01_2024-1', 'CO1001', '2025-12-07 21:27:10'),
('enr_2400003_CO1006_L01_2023-1', '2400003', 'CO1006_L01_2023-1', 'CO1006', '2025-12-07 21:27:10'),
('enr_2400003_CO1011_L01_2024-1', '2400003', 'CO1011_L01_2024-1', 'CO1011', '2025-12-07 21:27:10'),
('enr_2400003_CO1018_L01_2023-2', '2400003', 'CO1018_L01_2023-2', 'CO1018', '2025-12-07 21:27:10'),
('enr_2400003_CS1009_L01_2023-1', '2400003', 'CS1009_L01_2023-1', 'CS1009', '2025-12-07 21:27:10'),
('enr_2400003_CS1020_L01_2022-2', '2400003', 'CS1020_L01_2022-2', 'CS1020', '2025-12-07 21:27:10'),
('enr_2400003_EE1010_L01_2022-2', '2400003', 'EE1010_L01_2022-2', 'EE1010', '2025-12-07 21:27:10'),
('enr_2400003_EN1005_L01_2023-2', '2400003', 'EN1005_L01_2023-2', 'EN1005', '2025-12-07 21:27:10'),
('enr_2400003_EN1015_L01_2023-1', '2400003', 'EN1015_L01_2023-1', 'EN1015', '2025-12-07 21:27:10'),
('enr_2400003_MA1003_L01_2023-2', '2400003', 'MA1003_L01_2023-2', 'MA1003', '2025-12-07 21:27:10'),
('enr_2400003_MA1008_L01_2022-2', '2400003', 'MA1008_L01_2022-2', 'MA1008', '2025-12-07 21:27:10'),
('enr_2400003_MA1012_L01_2023-1', '2400003', 'MA1012_L01_2023-1', 'MA1012', '2025-12-07 21:27:10'),
('enr_2400003_PH1002_L01_2023-2', '2400003', 'PH1002_L01_2023-2', 'PH1002', '2025-12-07 21:27:10'),
('enr_2400003_PH1007_L01_2022-2', '2400003', 'PH1007_L01_2022-2', 'PH1007', '2025-12-07 21:27:10'),
('enr_2400003_PH1013_L01_2022-2', '2400003', 'PH1013_L01_2022-2', 'PH1013', '2025-12-07 21:27:10'),
('enr_2400004_CH1004_L01_2024-1', '2400004', 'CH1004_L01_2024-1', 'CH1004', '2025-12-07 21:27:10'),
('enr_2400004_CH1014_L01_2022-2', '2400004', 'CH1014_L01_2022-2', 'CH1014', '2025-12-07 21:27:10'),
('enr_2400004_CO1001_L01_2023-1', '2400004', 'CO1001_L01_2023-1', 'CO1001', '2025-12-07 21:27:10'),
('enr_2400004_CO1006_L01_2022-2', '2400004', 'CO1006_L01_2022-2', 'CO1006', '2025-12-07 21:27:10'),
('enr_2400004_CO1011_L01_2023-1', '2400004', 'CO1011_L01_2023-1', 'CO1011', '2025-12-07 21:27:10'),
('enr_2400004_CS1009_L01_2022-2', '2400004', 'CS1009_L01_2022-2', 'CS1009', '2025-12-07 21:27:10'),
('enr_2400004_CS1016_L01_2022-2', '2400004', 'CS1016_L01_2022-2', 'CS1016', '2025-12-07 21:27:10'),
('enr_2400004_CS1020_L01_2022-2', '2400004', 'CS1020_L01_2022-2', 'CS1020', '2025-12-07 21:27:10'),
('enr_2400004_EE1010_L01_2023-1', '2400004', 'EE1010_L01_2023-1', 'EE1010', '2025-12-07 21:27:10'),
('enr_2400004_EE1017_L01_2023-1', '2400004', 'EE1017_L01_2023-1', 'EE1017', '2025-12-07 21:27:10'),
('enr_2400004_EN1005_L01_2023-2', '2400004', 'EN1005_L01_2023-2', 'EN1005', '2025-12-07 21:27:10'),
('enr_2400004_MA1003_L01_2023-2', '2400004', 'MA1003_L01_2023-2', 'MA1003', '2025-12-07 21:27:10'),
('enr_2400004_MA1012_L01_2023-2', '2400004', 'MA1012_L01_2023-2', 'MA1012', '2025-12-07 21:27:10'),
('enr_2400004_MA1019_L01_2023-1', '2400004', 'MA1019_L01_2023-1', 'MA1019', '2025-12-07 21:27:10'),
('enr_2400004_PH1002_L01_2023-2', '2400004', 'PH1002_L01_2023-2', 'PH1002', '2025-12-07 21:27:10'),
('enr_2400004_PH1007_L01_2024-1', '2400004', 'PH1007_L01_2024-1', 'PH1007', '2025-12-07 21:27:10'),
('enr_2400004_PH1013_L01_2023-2', '2400004', 'PH1013_L01_2023-2', 'PH1013', '2025-12-07 21:27:10'),
('enr_2400005_CH1004_L01_2022-2', '2400005', 'CH1004_L01_2022-2', 'CH1004', '2025-12-07 21:27:10'),
('enr_2400005_CH1014_L01_2023-2', '2400005', 'CH1014_L01_2023-2', 'CH1014', '2025-12-07 21:27:10'),
('enr_2400005_CO1001_L01_2023-2', '2400005', 'CO1001_L01_2023-2', 'CO1001', '2025-12-07 21:27:10'),
('enr_2400005_CO1006_L01_2023-1', '2400005', 'CO1006_L01_2023-1', 'CO1006', '2025-12-07 21:27:10'),
('enr_2400005_CO1018_L01_2022-2', '2400005', 'CO1018_L01_2022-2', 'CO1018', '2025-12-07 21:27:10'),
('enr_2400005_CS1009_L01_2023-1', '2400005', 'CS1009_L01_2023-1', 'CS1009', '2025-12-07 21:27:10'),
('enr_2400005_CS1016_L01_2023-2', '2400005', 'CS1016_L01_2023-2', 'CS1016', '2025-12-07 21:27:10'),
('enr_2400005_CS1020_L01_2023-1', '2400005', 'CS1020_L01_2023-1', 'CS1020', '2025-12-07 21:27:10'),
('enr_2400005_EE1010_L01_2024-1', '2400005', 'EE1010_L01_2024-1', 'EE1010', '2025-12-07 21:27:10'),
('enr_2400005_EE1017_L01_2023-2', '2400005', 'EE1017_L01_2023-2', 'EE1017', '2025-12-07 21:27:10'),
('enr_2400005_EN1005_L01_2024-1', '2400005', 'EN1005_L01_2024-1', 'EN1005', '2025-12-07 21:27:10'),
('enr_2400005_MA1003_L01_2022-2', '2400005', 'MA1003_L01_2022-2', 'MA1003', '2025-12-07 21:27:10'),
('enr_2400005_MA1008_L01_2023-1', '2400005', 'MA1008_L01_2023-1', 'MA1008', '2025-12-07 21:27:10'),
('enr_2400005_MA1012_L01_2023-2', '2400005', 'MA1012_L01_2023-2', 'MA1012', '2025-12-07 21:27:10'),
('enr_2400005_MA1019_L01_2022-2', '2400005', 'MA1019_L01_2022-2', 'MA1019', '2025-12-07 21:27:10'),
('enr_2400005_PH1002_L01_2022-2', '2400005', 'PH1002_L01_2022-2', 'PH1002', '2025-12-07 21:27:10'),
('enr_2400005_PH1007_L01_2023-1', '2400005', 'PH1007_L01_2023-1', 'PH1007', '2025-12-07 21:27:10'),
('enr_2400006_CH1004_L01_2024-1', '2400006', 'CH1004_L01_2024-1', 'CH1004', '2025-12-07 21:27:10'),
('enr_2400006_CH1014_L01_2023-1', '2400006', 'CH1014_L01_2023-1', 'CH1014', '2025-12-07 21:27:10'),
('enr_2400006_CO1001_L01_2022-2', '2400006', 'CO1001_L01_2022-2', 'CO1001', '2025-12-07 21:27:10'),
('enr_2400006_CO1006_L01_2023-2', '2400006', 'CO1006_L01_2023-2', 'CO1006', '2025-12-07 21:27:10'),
('enr_2400006_CO1011_L01_2023-1', '2400006', 'CO1011_L01_2023-1', 'CO1011', '2025-12-07 21:27:10'),
('enr_2400006_CO1018_L01_2023-2', '2400006', 'CO1018_L01_2023-2', 'CO1018', '2025-12-07 21:27:10'),
('enr_2400006_CS1009_L01_2022-2', '2400006', 'CS1009_L01_2022-2', 'CS1009', '2025-12-07 21:27:10'),
('enr_2400006_CS1016_L01_2023-2', '2400006', 'CS1016_L01_2023-2', 'CS1016', '2025-12-07 21:27:10'),
('enr_2400006_CS1020_L01_2023-2', '2400006', 'CS1020_L01_2023-2', 'CS1020', '2025-12-07 21:27:10'),
('enr_2400006_EE1010_L01_2023-1', '2400006', 'EE1010_L01_2023-1', 'EE1010', '2025-12-07 21:27:10'),
('enr_2400006_EE1017_L01_2022-2', '2400006', 'EE1017_L01_2022-2', 'EE1017', '2025-12-07 21:27:10'),
('enr_2400006_EN1005_L01_2023-2', '2400006', 'EN1005_L01_2023-2', 'EN1005', '2025-12-07 21:27:10'),
('enr_2400006_EN1015_L01_2023-1', '2400006', 'EN1015_L01_2023-1', 'EN1015', '2025-12-07 21:27:10'),
('enr_2400006_MA1003_L01_2022-2', '2400006', 'MA1003_L01_2022-2', 'MA1003', '2025-12-07 21:27:10'),
('enr_2400006_MA1019_L01_2022-2', '2400006', 'MA1019_L01_2022-2', 'MA1019', '2025-12-07 21:27:10'),
('enr_2400006_PH1002_L01_2024-1', '2400006', 'PH1002_L01_2024-1', 'PH1002', '2025-12-07 21:27:10'),
('enr_2400006_PH1013_L01_2023-1', '2400006', 'PH1013_L01_2023-1', 'PH1013', '2025-12-07 21:27:10'),
('enr_2400007_CH1004_L01_2023-2', '2400007', 'CH1004_L01_2023-2', 'CH1004', '2025-12-07 21:27:10'),
('enr_2400007_CO1001_L01_2023-2', '2400007', 'CO1001_L01_2023-2', 'CO1001', '2025-12-07 21:27:10'),
('enr_2400007_CO1006_L01_2023-1', '2400007', 'CO1006_L01_2023-1', 'CO1006', '2025-12-07 21:27:10'),
('enr_2400007_CO1018_L01_2023-1', '2400007', 'CO1018_L01_2023-1', 'CO1018', '2025-12-07 21:27:10'),
('enr_2400007_CS1009_L01_2022-2', '2400007', 'CS1009_L01_2022-2', 'CS1009', '2025-12-07 21:27:10'),
('enr_2400007_CS1016_L01_2022-2', '2400007', 'CS1016_L01_2022-2', 'CS1016', '2025-12-07 21:27:10'),
('enr_2400007_CS1020_L01_2023-1', '2400007', 'CS1020_L01_2023-1', 'CS1020', '2025-12-07 21:27:10'),
('enr_2400007_EE1010_L01_2023-2', '2400007', 'EE1010_L01_2023-2', 'EE1010', '2025-12-07 21:27:10'),
('enr_2400007_EE1017_L01_2022-2', '2400007', 'EE1017_L01_2022-2', 'EE1017', '2025-12-07 21:27:10'),
('enr_2400007_EN1005_L01_2023-1', '2400007', 'EN1005_L01_2023-1', 'EN1005', '2025-12-07 21:27:10'),
('enr_2400007_EN1015_L01_2022-2', '2400007', 'EN1015_L01_2022-2', 'EN1015', '2025-12-07 21:27:10'),
('enr_2400007_MA1003_L01_2024-1', '2400007', 'MA1003_L01_2024-1', 'MA1003', '2025-12-07 21:27:10'),
('enr_2400007_MA1008_L01_2023-1', '2400007', 'MA1008_L01_2023-1', 'MA1008', '2025-12-07 21:27:10'),
('enr_2400007_MA1019_L01_2022-2', '2400007', 'MA1019_L01_2022-2', 'MA1019', '2025-12-07 21:27:10'),
('enr_2400007_PH1002_L01_2023-2', '2400007', 'PH1002_L01_2023-2', 'PH1002', '2025-12-07 21:27:10'),
('enr_2400007_PH1007_L01_2024-1', '2400007', 'PH1007_L01_2024-1', 'PH1007', '2025-12-07 21:27:10'),
('enr_2400007_PH1013_L01_2023-2', '2400007', 'PH1013_L01_2023-2', 'PH1013', '2025-12-07 21:27:10'),
('enr_2400008_CH1004_L01_2024-1', '2400008', 'CH1004_L01_2024-1', 'CH1004', '2025-12-07 21:27:10'),
('enr_2400008_CH1014_L01_2023-2', '2400008', 'CH1014_L01_2023-2', 'CH1014', '2025-12-07 21:27:10'),
('enr_2400008_CO1001_L01_2022-2', '2400008', 'CO1001_L01_2022-2', 'CO1001', '2025-12-07 21:27:10'),
('enr_2400008_CO1006_L01_2023-1', '2400008', 'CO1006_L01_2023-1', 'CO1006', '2025-12-07 21:27:10'),
('enr_2400008_CO1011_L01_2023-1', '2400008', 'CO1011_L01_2023-1', 'CO1011', '2025-12-07 21:27:10'),
('enr_2400008_CS1009_L01_2022-2', '2400008', 'CS1009_L01_2022-2', 'CS1009', '2025-12-07 21:27:10'),
('enr_2400008_CS1016_L01_2023-2', '2400008', 'CS1016_L01_2023-2', 'CS1016', '2025-12-07 21:27:10'),
('enr_2400008_CS1020_L01_2023-2', '2400008', 'CS1020_L01_2023-2', 'CS1020', '2025-12-07 21:27:10'),
('enr_2400008_EE1010_L01_2023-2', '2400008', 'EE1010_L01_2023-2', 'EE1010', '2025-12-07 21:27:10'),
('enr_2400008_EE1017_L01_2023-2', '2400008', 'EE1017_L01_2023-2', 'EE1017', '2025-12-07 21:27:10'),
('enr_2400008_EN1005_L01_2023-1', '2400008', 'EN1005_L01_2023-1', 'EN1005', '2025-12-07 21:27:10'),
('enr_2400008_MA1003_L01_2023-1', '2400008', 'MA1003_L01_2023-1', 'MA1003', '2025-12-07 21:27:10'),
('enr_2400008_MA1012_L01_2022-2', '2400008', 'MA1012_L01_2022-2', 'MA1012', '2025-12-07 21:27:10'),
('enr_2400008_MA1019_L01_2023-1', '2400008', 'MA1019_L01_2023-1', 'MA1019', '2025-12-07 21:27:10'),
('enr_2400008_PH1002_L01_2024-1', '2400008', 'PH1002_L01_2024-1', 'PH1002', '2025-12-07 21:27:10'),
('enr_2400008_PH1007_L01_2022-2', '2400008', 'PH1007_L01_2022-2', 'PH1007', '2025-12-07 21:27:10'),
('enr_2400008_PH1013_L01_2022-2', '2400008', 'PH1013_L01_2022-2', 'PH1013', '2025-12-07 21:27:10'),
('enr_2400009_CH1004_L01_2022-2', '2400009', 'CH1004_L01_2022-2', 'CH1004', '2025-12-07 21:27:10'),
('enr_2400009_CH1014_L01_2023-2', '2400009', 'CH1014_L01_2023-2', 'CH1014', '2025-12-07 21:27:10'),
('enr_2400009_CO1001_L01_2024-1', '2400009', 'CO1001_L01_2024-1', 'CO1001', '2025-12-07 21:27:10'),
('enr_2400009_CO1011_L01_2022-2', '2400009', 'CO1011_L01_2022-2', 'CO1011', '2025-12-07 21:27:10'),
('enr_2400009_CO1018_L01_2022-2', '2400009', 'CO1018_L01_2022-2', 'CO1018', '2025-12-07 21:27:10'),
('enr_2400009_CS1009_L01_2023-1', '2400009', 'CS1009_L01_2023-1', 'CS1009', '2025-12-07 21:27:10'),
('enr_2400009_CS1016_L01_2022-2', '2400009', 'CS1016_L01_2022-2', 'CS1016', '2025-12-07 21:27:10'),
('enr_2400009_CS1020_L01_2023-1', '2400009', 'CS1020_L01_2023-1', 'CS1020', '2025-12-07 21:27:10'),
('enr_2400009_EE1010_L01_2023-2', '2400009', 'EE1010_L01_2023-2', 'EE1010', '2025-12-07 21:27:10'),
('enr_2400009_EE1017_L01_2023-2', '2400009', 'EE1017_L01_2023-2', 'EE1017', '2025-12-07 21:27:10'),
('enr_2400009_EN1005_L01_2024-1', '2400009', 'EN1005_L01_2024-1', 'EN1005', '2025-12-07 21:27:10'),
('enr_2400009_MA1003_L01_2023-2', '2400009', 'MA1003_L01_2023-2', 'MA1003', '2025-12-07 21:27:10'),
('enr_2400009_MA1008_L01_2023-1', '2400009', 'MA1008_L01_2023-1', 'MA1008', '2025-12-07 21:27:10'),
('enr_2400009_MA1012_L01_2023-2', '2400009', 'MA1012_L01_2023-2', 'MA1012', '2025-12-07 21:27:10'),
('enr_2400009_MA1019_L01_2023-1', '2400009', 'MA1019_L01_2023-1', 'MA1019', '2025-12-07 21:27:10'),
('enr_2400009_PH1002_L01_2023-1', '2400009', 'PH1002_L01_2023-1', 'PH1002', '2025-12-07 21:27:10'),
('enr_2400009_PH1007_L01_2022-2', '2400009', 'PH1007_L01_2022-2', 'PH1007', '2025-12-07 21:27:10'),
('enr_2400010_CH1004_L01_2022-2', '2400010', 'CH1004_L01_2022-2', 'CH1004', '2025-12-07 21:27:10'),
('enr_2400010_CO1001_L01_2023-1', '2400010', 'CO1001_L01_2023-1', 'CO1001', '2025-12-07 21:27:10'),
('enr_2400010_CO1006_L01_2023-2', '2400010', 'CO1006_L01_2023-2', 'CO1006', '2025-12-07 21:27:10'),
('enr_2400010_CO1011_L01_2022-2', '2400010', 'CO1011_L01_2022-2', 'CO1011', '2025-12-07 21:27:10'),
('enr_2400010_CS1009_L01_2023-1', '2400010', 'CS1009_L01_2023-1', 'CS1009', '2025-12-07 21:27:10'),
('enr_2400010_CS1016_L01_2022-2', '2400010', 'CS1016_L01_2022-2', 'CS1016', '2025-12-07 21:27:10'),
('enr_2400010_CS1020_L01_2023-2', '2400010', 'CS1020_L01_2023-2', 'CS1020', '2025-12-07 21:27:10'),
('enr_2400010_EE1010_L01_2023-1', '2400010', 'EE1010_L01_2023-1', 'EE1010', '2025-12-07 21:27:10'),
('enr_2400010_EE1017_L01_2022-2', '2400010', 'EE1017_L01_2022-2', 'EE1017', '2025-12-07 21:27:10'),
('enr_2400010_EN1005_L01_2023-2', '2400010', 'EN1005_L01_2023-2', 'EN1005', '2025-12-07 21:27:10'),
('enr_2400010_EN1015_L01_2023-1', '2400010', 'EN1015_L01_2023-1', 'EN1015', '2025-12-07 21:27:10'),
('enr_2400010_MA1003_L01_2023-2', '2400010', 'MA1003_L01_2023-2', 'MA1003', '2025-12-07 21:27:10'),
('enr_2400010_MA1008_L01_2023-2', '2400010', 'MA1008_L01_2023-2', 'MA1008', '2025-12-07 21:27:10'),
('enr_2400010_MA1012_L01_2024-1', '2400010', 'MA1012_L01_2024-1', 'MA1012', '2025-12-07 21:27:10'),
('enr_2400010_PH1002_L01_2024-1', '2400010', 'PH1002_L01_2024-1', 'PH1002', '2025-12-07 21:27:10'),
('enr_2400010_PH1007_L01_2022-2', '2400010', 'PH1007_L01_2022-2', 'PH1007', '2025-12-07 21:27:10'),
('enr_2400010_PH1013_L01_2023-1', '2400010', 'PH1013_L01_2023-1', 'PH1013', '2025-12-07 21:27:10'),
('enr_2400011_CH1004_L01_2024-1', '2400011', 'CH1004_L01_2024-1', 'CH1004', '2025-12-07 21:27:10'),
('enr_2400011_CH1014_L01_2023-2', '2400011', 'CH1014_L01_2023-2', 'CH1014', '2025-12-07 21:27:10'),
('enr_2400011_CO1001_L01_2023-2', '2400011', 'CO1001_L01_2023-2', 'CO1001', '2025-12-07 21:27:10'),
('enr_2400011_CO1006_L01_2022-2', '2400011', 'CO1006_L01_2022-2', 'CO1006', '2025-12-07 21:27:10'),
('enr_2400011_CO1011_L01_2023-1', '2400011', 'CO1011_L01_2023-1', 'CO1011', '2025-12-07 21:27:10'),
('enr_2400011_CO1018_L01_2023-1', '2400011', 'CO1018_L01_2023-1', 'CO1018', '2025-12-07 21:27:10'),
('enr_2400011_CS1016_L01_2023-1', '2400011', 'CS1016_L01_2023-1', 'CS1016', '2025-12-07 21:27:10'),
('enr_2400011_EE1017_L01_2023-2', '2400011', 'EE1017_L01_2023-2', 'EE1017', '2025-12-07 21:27:10'),
('enr_2400011_EN1005_L01_2022-2', '2400011', 'EN1005_L01_2022-2', 'EN1005', '2025-12-07 21:27:10'),
('enr_2400011_EN1015_L01_2022-2', '2400011', 'EN1015_L01_2022-2', 'EN1015', '2025-12-07 21:27:10'),
('enr_2400011_MA1003_L01_2022-2', '2400011', 'MA1003_L01_2022-2', 'MA1003', '2025-12-07 21:27:10'),
('enr_2400011_MA1008_L01_2024-1', '2400011', 'MA1008_L01_2024-1', 'MA1008', '2025-12-07 21:27:10'),
('enr_2400011_MA1012_L01_2023-2', '2400011', 'MA1012_L01_2023-2', 'MA1012', '2025-12-07 21:27:10'),
('enr_2400011_MA1019_L01_2023-1', '2400011', 'MA1019_L01_2023-1', 'MA1019', '2025-12-07 21:27:10'),
('enr_2400011_PH1002_L01_2023-2', '2400011', 'PH1002_L01_2023-2', 'PH1002', '2025-12-07 21:27:10'),
('enr_2400011_PH1007_L01_2023-1', '2400011', 'PH1007_L01_2023-1', 'PH1007', '2025-12-07 21:27:10'),
('enr_2400011_PH1013_L01_2022-2', '2400011', 'PH1013_L01_2022-2', 'PH1013', '2025-12-07 21:27:10'),
('enr_2400012_CH1004_L01_2022-2', '2400012', 'CH1004_L01_2022-2', 'CH1004', '2025-12-07 21:27:10'),
('enr_2400012_CH1014_L01_2022-2', '2400012', 'CH1014_L01_2022-2', 'CH1014', '2025-12-07 21:27:10'),
('enr_2400012_CO1001_L01_2023-2', '2400012', 'CO1001_L01_2023-2', 'CO1001', '2025-12-07 21:27:10'),
('enr_2400012_CO1006_L01_2024-1', '2400012', 'CO1006_L01_2024-1', 'CO1006', '2025-12-07 21:27:10'),
('enr_2400012_CO1011_L01_2023-2', '2400012', 'CO1011_L01_2023-2', 'CO1011', '2025-12-07 21:27:10'),
('enr_2400012_CS1009_L01_2023-1', '2400012', 'CS1009_L01_2023-1', 'CS1009', '2025-12-07 21:27:10'),
('enr_2400012_CS1016_L01_2023-1', '2400012', 'CS1016_L01_2023-1', 'CS1016', '2025-12-07 21:27:10'),
('enr_2400012_CS1020_L01_2022-2', '2400012', 'CS1020_L01_2022-2', 'CS1020', '2025-12-07 21:27:10'),
('enr_2400012_EE1010_L01_2023-1', '2400012', 'EE1010_L01_2023-1', 'EE1010', '2025-12-07 21:27:10'),
('enr_2400012_EE1017_L01_2023-2', '2400012', 'EE1017_L01_2023-2', 'EE1017', '2025-12-07 21:27:10'),
('enr_2400012_EN1005_L01_2023-2', '2400012', 'EN1005_L01_2023-2', 'EN1005', '2025-12-07 21:27:10'),
('enr_2400012_EN1015_L01_2023-1', '2400012', 'EN1015_L01_2023-1', 'EN1015', '2025-12-07 21:27:10'),
('enr_2400012_MA1003_L01_2024-1', '2400012', 'MA1003_L01_2024-1', 'MA1003', '2025-12-07 21:27:10'),
('enr_2400012_MA1012_L01_2023-2', '2400012', 'MA1012_L01_2023-2', 'MA1012', '2025-12-07 21:27:10'),
('enr_2400012_PH1002_L01_2022-2', '2400012', 'PH1002_L01_2022-2', 'PH1002', '2025-12-07 21:27:10'),
('enr_2400012_PH1007_L01_2023-1', '2400012', 'PH1007_L01_2023-1', 'PH1007', '2025-12-07 21:27:10'),
('enr_2400012_PH1013_L01_2022-2', '2400012', 'PH1013_L01_2022-2', 'PH1013', '2025-12-07 21:27:10'),
('enr_2400013_CH1004_L01_2024-1', '2400013', 'CH1004_L01_2024-1', 'CH1004', '2025-12-07 21:27:10'),
('enr_2400013_CO1001_L01_2023-1', '2400013', 'CO1001_L01_2023-1', 'CO1001', '2025-12-07 21:27:10'),
('enr_2400013_CO1006_L01_2024-1', '2400013', 'CO1006_L01_2024-1', 'CO1006', '2025-12-07 21:27:10'),
('enr_2400013_CO1018_L01_2023-1', '2400013', 'CO1018_L01_2023-1', 'CO1018', '2025-12-07 21:27:10'),
('enr_2400013_CS1009_L01_2023-2', '2400013', 'CS1009_L01_2023-2', 'CS1009', '2025-12-07 21:27:10'),
('enr_2400013_CS1020_L01_2022-2', '2400013', 'CS1020_L01_2022-2', 'CS1020', '2025-12-07 21:27:10'),
('enr_2400013_EE1010_L01_2023-2', '2400013', 'EE1010_L01_2023-2', 'EE1010', '2025-12-07 21:27:10'),
('enr_2400013_EE1017_L01_2023-1', '2400013', 'EE1017_L01_2023-1', 'EE1017', '2025-12-07 21:27:10'),
('enr_2400013_EN1005_L01_2023-2', '2400013', 'EN1005_L01_2023-2', 'EN1005', '2025-12-07 21:27:10'),
('enr_2400013_EN1015_L01_2023-1', '2400013', 'EN1015_L01_2023-1', 'EN1015', '2025-12-07 21:27:10'),
('enr_2400013_MA1003_L01_2022-2', '2400013', 'MA1003_L01_2022-2', 'MA1003', '2025-12-07 21:27:10'),
('enr_2400013_MA1008_L01_2022-2', '2400013', 'MA1008_L01_2022-2', 'MA1008', '2025-12-07 21:27:10'),
('enr_2400013_MA1012_L01_2022-2', '2400013', 'MA1012_L01_2022-2', 'MA1012', '2025-12-07 21:27:10'),
('enr_2400013_MA1019_L01_2023-1', '2400013', 'MA1019_L01_2023-1', 'MA1019', '2025-12-07 21:27:10'),
('enr_2400013_PH1002_L01_2023-2', '2400013', 'PH1002_L01_2023-2', 'PH1002', '2025-12-07 21:27:10'),
('enr_2400013_PH1007_L01_2022-2', '2400013', 'PH1007_L01_2022-2', 'PH1007', '2025-12-07 21:27:10'),
('enr_2400013_PH1013_L01_2023-2', '2400013', 'PH1013_L01_2023-2', 'PH1013', '2025-12-07 21:27:10'),
('enr_2400014_CH1004_L01_2022-2', '2400014', 'CH1004_L01_2022-2', 'CH1004', '2025-12-07 21:27:10'),
('enr_2400014_CH1014_L01_2023-1', '2400014', 'CH1014_L01_2023-1', 'CH1014', '2025-12-07 21:27:10'),
('enr_2400014_CO1001_L01_2023-2', '2400014', 'CO1001_L01_2023-2', 'CO1001', '2025-12-07 21:27:10'),
('enr_2400014_CO1006_L01_2022-2', '2400014', 'CO1006_L01_2022-2', 'CO1006', '2025-12-07 21:27:10'),
('enr_2400014_CO1011_L01_2022-2', '2400014', 'CO1011_L01_2022-2', 'CO1011', '2025-12-07 21:27:10'),
('enr_2400014_CO1018_L01_2023-1', '2400014', 'CO1018_L01_2023-1', 'CO1018', '2025-12-07 21:27:10'),
('enr_2400014_CS1009_L01_2023-2', '2400014', 'CS1009_L01_2023-2', 'CS1009', '2025-12-07 21:27:10'),
('enr_2400014_EE1010_L01_2022-2', '2400014', 'EE1010_L01_2022-2', 'EE1010', '2025-12-07 21:27:10'),
('enr_2400014_EE1017_L01_2023-1', '2400014', 'EE1017_L01_2023-1', 'EE1017', '2025-12-07 21:27:10'),
('enr_2400014_EN1005_L01_2024-1', '2400014', 'EN1005_L01_2024-1', 'EN1005', '2025-12-07 21:27:10'),
('enr_2400014_EN1015_L01_2024-1', '2400014', 'EN1015_L01_2024-1', 'EN1015', '2025-12-07 21:27:10'),
('enr_2400014_MA1003_L01_2022-2', '2400014', 'MA1003_L01_2022-2', 'MA1003', '2025-12-07 21:27:10'),
('enr_2400014_MA1008_L01_2023-1', '2400014', 'MA1008_L01_2023-1', 'MA1008', '2025-12-07 21:27:10'),
('enr_2400014_MA1012_L01_2023-1', '2400014', 'MA1012_L01_2023-1', 'MA1012', '2025-12-07 21:27:10'),
('enr_2400014_PH1002_L01_2023-2', '2400014', 'PH1002_L01_2023-2', 'PH1002', '2025-12-07 21:27:10'),
('enr_2400014_PH1007_L01_2023-2', '2400014', 'PH1007_L01_2023-2', 'PH1007', '2025-12-07 21:27:10'),
('enr_2400014_PH1013_L01_2023-2', '2400014', 'PH1013_L01_2023-2', 'PH1013', '2025-12-07 21:27:10'),
('enr_2400015_CH1004_L01_2023-2', '2400015', 'CH1004_L01_2023-2', 'CH1004', '2025-12-07 21:27:10'),
('enr_2400015_CH1014_L01_2022-2', '2400015', 'CH1014_L01_2022-2', 'CH1014', '2025-12-07 21:27:10'),
('enr_2400015_CO1001_L01_2023-2', '2400015', 'CO1001_L01_2023-2', 'CO1001', '2025-12-07 21:27:10'),
('enr_2400015_CO1006_L01_2023-2', '2400015', 'CO1006_L01_2023-2', 'CO1006', '2025-12-07 21:27:10'),
('enr_2400015_CO1018_L01_2022-2', '2400015', 'CO1018_L01_2022-2', 'CO1018', '2025-12-07 21:27:10'),
('enr_2400015_CS1009_L01_2023-1', '2400015', 'CS1009_L01_2023-1', 'CS1009', '2025-12-07 21:27:10'),
('enr_2400015_CS1016_L01_2022-2', '2400015', 'CS1016_L01_2022-2', 'CS1016', '2025-12-07 21:27:10'),
('enr_2400015_EE1010_L01_2024-1', '2400015', 'EE1010_L01_2024-1', 'EE1010', '2025-12-07 21:27:10'),
('enr_2400015_EE1017_L01_2022-2', '2400015', 'EE1017_L01_2022-2', 'EE1017', '2025-12-07 21:27:10'),
('enr_2400015_EN1005_L01_2023-1', '2400015', 'EN1005_L01_2023-1', 'EN1005', '2025-12-07 21:27:10'),
('enr_2400015_EN1015_L01_2023-1', '2400015', 'EN1015_L01_2023-1', 'EN1015', '2025-12-07 21:27:10'),
('enr_2400015_MA1003_L01_2022-2', '2400015', 'MA1003_L01_2022-2', 'MA1003', '2025-12-07 21:27:10'),
('enr_2400015_MA1008_L01_2023-2', '2400015', 'MA1008_L01_2023-2', 'MA1008', '2025-12-07 21:27:10'),
('enr_2400015_MA1019_L01_2023-1', '2400015', 'MA1019_L01_2023-1', 'MA1019', '2025-12-07 21:27:10'),
('enr_2400015_PH1002_L01_2024-1', '2400015', 'PH1002_L01_2024-1', 'PH1002', '2025-12-07 21:27:10'),
('enr_2400015_PH1007_L01_2023-1', '2400015', 'PH1007_L01_2023-1', 'PH1007', '2025-12-07 21:27:10'),
('enr_2400015_PH1013_L01_2023-2', '2400015', 'PH1013_L01_2023-2', 'PH1013', '2025-12-07 21:27:10'),
('enr_2400016_CH1004_L01_2023-1', '2400016', 'CH1004_L01_2023-1', 'CH1004', '2025-12-07 21:27:10'),
('enr_2400016_CH1014_L01_2023-2', '2400016', 'CH1014_L01_2023-2', 'CH1014', '2025-12-07 21:27:10'),
('enr_2400016_CO1001_L01_2023-2', '2400016', 'CO1001_L01_2023-2', 'CO1001', '2025-12-07 21:27:10'),
('enr_2400016_CO1006_L01_2023-1', '2400016', 'CO1006_L01_2023-1', 'CO1006', '2025-12-07 21:27:10'),
('enr_2400016_CO1011_L01_2022-2', '2400016', 'CO1011_L01_2022-2', 'CO1011', '2025-12-07 21:27:10'),
('enr_2400016_CO1018_L01_2023-2', '2400016', 'CO1018_L01_2023-2', 'CO1018', '2025-12-07 21:27:10'),
('enr_2400016_CS1009_L01_2023-1', '2400016', 'CS1009_L01_2023-1', 'CS1009', '2025-12-07 21:27:10'),
('enr_2400016_CS1016_L01_2023-2', '2400016', 'CS1016_L01_2023-2', 'CS1016', '2025-12-07 21:27:10'),
('enr_2400016_EE1010_L01_2024-1', '2400016', 'EE1010_L01_2024-1', 'EE1010', '2025-12-07 21:27:10'),
('enr_2400016_EE1017_L01_2022-2', '2400016', 'EE1017_L01_2022-2', 'EE1017', '2025-12-07 21:27:10'),
('enr_2400016_EN1005_L01_2023-2', '2400016', 'EN1005_L01_2023-2', 'EN1005', '2025-12-07 21:27:10'),
('enr_2400016_MA1003_L01_2023-1', '2400016', 'MA1003_L01_2023-1', 'MA1003', '2025-12-07 21:27:10'),
('enr_2400016_MA1008_L01_2022-2', '2400016', 'MA1008_L01_2022-2', 'MA1008', '2025-12-07 21:27:10'),
('enr_2400016_MA1019_L01_2023-1', '2400016', 'MA1019_L01_2023-1', 'MA1019', '2025-12-07 21:27:10'),
('enr_2400016_PH1002_L01_2024-1', '2400016', 'PH1002_L01_2024-1', 'PH1002', '2025-12-07 21:27:10'),
('enr_2400016_PH1007_L01_2022-2', '2400016', 'PH1007_L01_2022-2', 'PH1007', '2025-12-07 21:27:10'),
('enr_2400016_PH1013_L01_2022-2', '2400016', 'PH1013_L01_2022-2', 'PH1013', '2025-12-07 21:27:10'),
('enr_2400017_CH1004_L01_2024-1', '2400017', 'CH1004_L01_2024-1', 'CH1004', '2025-12-07 21:27:10'),
('enr_2400017_CO1001_L01_2022-2', '2400017', 'CO1001_L01_2022-2', 'CO1001', '2025-12-07 21:27:10'),
('enr_2400017_CO1006_L01_2023-2', '2400017', 'CO1006_L01_2023-2', 'CO1006', '2025-12-07 21:27:10'),
('enr_2400017_CO1011_L01_2023-1', '2400017', 'CO1011_L01_2023-1', 'CO1011', '2025-12-07 21:27:10'),
('enr_2400017_CS1009_L01_2022-2', '2400017', 'CS1009_L01_2022-2', 'CS1009', '2025-12-07 21:27:10'),
('enr_2400017_CS1016_L01_2023-1', '2400017', 'CS1016_L01_2023-1', 'CS1016', '2025-12-07 21:27:10'),
('enr_2400017_CS1020_L01_2023-1', '2400017', 'CS1020_L01_2023-1', 'CS1020', '2025-12-07 21:27:10'),
('enr_2400017_EE1010_L01_2022-2', '2400017', 'EE1010_L01_2022-2', 'EE1010', '2025-12-07 21:27:10'),
('enr_2400017_EE1017_L01_2023-2', '2400017', 'EE1017_L01_2023-2', 'EE1017', '2025-12-07 21:27:10'),
('enr_2400017_EN1005_L01_2024-1', '2400017', 'EN1005_L01_2024-1', 'EN1005', '2025-12-07 21:27:10'),
('enr_2400017_EN1015_L01_2022-2', '2400017', 'EN1015_L01_2022-2', 'EN1015', '2025-12-07 21:27:10'),
('enr_2400017_MA1003_L01_2022-2', '2400017', 'MA1003_L01_2022-2', 'MA1003', '2025-12-07 21:27:10'),
('enr_2400017_MA1008_L01_2023-1', '2400017', 'MA1008_L01_2023-1', 'MA1008', '2025-12-07 21:27:10'),
('enr_2400017_MA1012_L01_2023-2', '2400017', 'MA1012_L01_2023-2', 'MA1012', '2025-12-07 21:27:10'),
('enr_2400017_PH1002_L01_2023-1', '2400017', 'PH1002_L01_2023-1', 'PH1002', '2025-12-07 21:27:10'),
('enr_2400017_PH1007_L01_2023-2', '2400017', 'PH1007_L01_2023-2', 'PH1007', '2025-12-07 21:27:10'),
('enr_2400017_PH1013_L01_2023-2', '2400017', 'PH1013_L01_2023-2', 'PH1013', '2025-12-07 21:27:10'),
('enr_2400018_CH1004_L01_2022-2', '2400018', 'CH1004_L01_2022-2', 'CH1004', '2025-12-07 21:27:10'),
('enr_2400018_CH1014_L01_2023-2', '2400018', 'CH1014_L01_2023-2', 'CH1014', '2025-12-07 21:27:10'),
('enr_2400018_CO1001_L01_2024-1', '2400018', 'CO1001_L01_2024-1', 'CO1001', '2025-12-07 21:27:10'),
('enr_2400018_CO1006_L01_2023-2', '2400018', 'CO1006_L01_2023-2', 'CO1006', '2025-12-07 21:27:10'),
('enr_2400018_CO1011_L01_2023-1', '2400018', 'CO1011_L01_2023-1', 'CO1011', '2025-12-07 21:27:10'),
('enr_2400018_CO1018_L01_2022-2', '2400018', 'CO1018_L01_2022-2', 'CO1018', '2025-12-07 21:27:10'),
('enr_2400018_CS1009_L01_2023-1', '2400018', 'CS1009_L01_2023-1', 'CS1009', '2025-12-07 21:27:10'),
('enr_2400018_CS1016_L01_2023-2', '2400018', 'CS1016_L01_2023-2', 'CS1016', '2025-12-07 21:27:10'),
('enr_2400018_CS1020_L01_2022-2', '2400018', 'CS1020_L01_2022-2', 'CS1020', '2025-12-07 21:27:10'),
('enr_2400018_EN1005_L01_2023-1', '2400018', 'EN1005_L01_2023-1', 'EN1005', '2025-12-07 21:27:10'),
('enr_2400018_MA1003_L01_2023-1', '2400018', 'MA1003_L01_2023-1', 'MA1003', '2025-12-07 21:27:10'),
('enr_2400018_MA1008_L01_2023-1', '2400018', 'MA1008_L01_2023-1', 'MA1008', '2025-12-07 21:27:10'),
('enr_2400018_MA1012_L01_2023-2', '2400018', 'MA1012_L01_2023-2', 'MA1012', '2025-12-07 21:27:10'),
('enr_2400018_MA1019_L01_2022-2', '2400018', 'MA1019_L01_2022-2', 'MA1019', '2025-12-07 21:27:10'),
('enr_2400018_PH1002_L01_2024-1', '2400018', 'PH1002_L01_2024-1', 'PH1002', '2025-12-07 21:27:10'),
('enr_2400018_PH1007_L01_2022-2', '2400018', 'PH1007_L01_2022-2', 'PH1007', '2025-12-07 21:27:10'),
('enr_2400018_PH1013_L01_2023-2', '2400018', 'PH1013_L01_2023-2', 'PH1013', '2025-12-07 21:27:10'),
('enr_2400019_CH1004_L01_2024-1', '2400019', 'CH1004_L01_2024-1', 'CH1004', '2025-12-07 21:27:10'),
('enr_2400019_CH1014_L01_2022-2', '2400019', 'CH1014_L01_2022-2', 'CH1014', '2025-12-07 21:27:10'),
('enr_2400019_CO1001_L01_2023-1', '2400019', 'CO1001_L01_2023-1', 'CO1001', '2025-12-07 21:27:10'),
('enr_2400019_CO1006_L01_2023-2', '2400019', 'CO1006_L01_2023-2', 'CO1006', '2025-12-07 21:27:10'),
('enr_2400019_CO1011_L01_2023-2', '2400019', 'CO1011_L01_2023-2', 'CO1011', '2025-12-07 21:27:10'),
('enr_2400019_CO1018_L01_2023-1', '2400019', 'CO1018_L01_2023-1', 'CO1018', '2025-12-07 21:27:10'),
('enr_2400019_CS1009_L01_2023-2', '2400019', 'CS1009_L01_2023-2', 'CS1009', '2025-12-07 21:27:10'),
('enr_2400019_CS1020_L01_2022-2', '2400019', 'CS1020_L01_2022-2', 'CS1020', '2025-12-07 21:27:10'),
('enr_2400019_EE1010_L01_2023-2', '2400019', 'EE1010_L01_2023-2', 'EE1010', '2025-12-07 21:27:10'),
('enr_2400019_EN1005_L01_2022-2', '2400019', 'EN1005_L01_2022-2', 'EN1005', '2025-12-07 21:27:10'),
('enr_2400019_EN1015_L01_2023-1', '2400019', 'EN1015_L01_2023-1', 'EN1015', '2025-12-07 21:27:10'),
('enr_2400019_MA1003_L01_2023-1', '2400019', 'MA1003_L01_2023-1', 'MA1003', '2025-12-07 21:27:10'),
('enr_2400019_MA1008_L01_2024-1', '2400019', 'MA1008_L01_2024-1', 'MA1008', '2025-12-07 21:27:10'),
('enr_2400019_MA1019_L01_2022-2', '2400019', 'MA1019_L01_2022-2', 'MA1019', '2025-12-07 21:27:10'),
('enr_2400019_PH1002_L01_2023-2', '2400019', 'PH1002_L01_2023-2', 'PH1002', '2025-12-07 21:27:10'),
('enr_2400019_PH1007_L01_2022-2', '2400019', 'PH1007_L01_2022-2', 'PH1007', '2025-12-07 21:27:10'),
('enr_2400019_PH1013_L01_2023-1', '2400019', 'PH1013_L01_2023-1', 'PH1013', '2025-12-07 21:27:10'),
('enr_2400020_CH1004_L01_2022-2', '2400020', 'CH1004_L01_2022-2', 'CH1004', '2025-12-07 21:27:10'),
('enr_2400020_CH1014_L01_2023-1', '2400020', 'CH1014_L01_2023-1', 'CH1014', '2025-12-07 21:27:10'),
('enr_2400020_CO1001_L01_2023-2', '2400020', 'CO1001_L01_2023-2', 'CO1001', '2025-12-07 21:27:10'),
('enr_2400020_CO1006_L01_2023-2', '2400020', 'CO1006_L01_2023-2', 'CO1006', '2025-12-07 21:27:10'),
('enr_2400020_CO1011_L01_2022-2', '2400020', 'CO1011_L01_2022-2', 'CO1011', '2025-12-07 21:27:10'),
('enr_2400020_CS1009_L01_2023-1', '2400020', 'CS1009_L01_2023-1', 'CS1009', '2025-12-07 21:27:10'),
('enr_2400020_CS1016_L01_2022-2', '2400020', 'CS1016_L01_2022-2', 'CS1016', '2025-12-07 21:27:10'),
('enr_2400020_CS1020_L01_2022-2', '2400020', 'CS1020_L01_2022-2', 'CS1020', '2025-12-07 21:27:10'),
('enr_2400020_EE1010_L01_2022-2', '2400020', 'EE1010_L01_2022-2', 'EE1010', '2025-12-07 21:27:10'),
('enr_2400020_EN1005_L01_2023-1', '2400020', 'EN1005_L01_2023-1', 'EN1005', '2025-12-07 21:27:10'),
('enr_2400020_EN1015_L01_2023-1', '2400020', 'EN1015_L01_2023-1', 'EN1015', '2025-12-07 21:27:10'),
('enr_2400020_MA1003_L01_2023-2', '2400020', 'MA1003_L01_2023-2', 'MA1003', '2025-12-07 21:27:10'),
('enr_2400020_MA1008_L01_2024-1', '2400020', 'MA1008_L01_2024-1', 'MA1008', '2025-12-07 21:27:10'),
('enr_2400020_MA1012_L01_2024-1', '2400020', 'MA1012_L01_2024-1', 'MA1012', '2025-12-07 21:27:10'),
('enr_2400020_MA1019_L01_2023-2', '2400020', 'MA1019_L01_2023-2', 'MA1019', '2025-12-07 21:27:10'),
('enr_2400020_PH1002_L01_2023-2', '2400020', 'PH1002_L01_2023-2', 'PH1002', '2025-12-07 21:27:10'),
('enr_2400020_PH1007_L01_2023-1', '2400020', 'PH1007_L01_2023-1', 'PH1007', '2025-12-07 21:27:10'),
('enr_2400021_CH1004_L01_2022-2', '2400021', 'CH1004_L01_2022-2', 'CH1004', '2025-12-07 21:27:10'),
('enr_2400021_CH1014_L01_2023-1', '2400021', 'CH1014_L01_2023-1', 'CH1014', '2025-12-07 21:27:10'),
('enr_2400021_CO1001_L01_2022-2', '2400021', 'CO1001_L01_2022-2', 'CO1001', '2025-12-07 21:27:10'),
('enr_2400021_CO1006_L01_2023-1', '2400021', 'CO1006_L01_2023-1', 'CO1006', '2025-12-07 21:27:10'),
('enr_2400021_CO1011_L01_2023-2', '2400021', 'CO1011_L01_2023-2', 'CO1011', '2025-12-07 21:27:10'),
('enr_2400021_CO1018_L01_2023-2', '2400021', 'CO1018_L01_2023-2', 'CO1018', '2025-12-07 21:27:10'),
('enr_2400021_CS1009_L01_2024-1', '2400021', 'CS1009_L01_2024-1', 'CS1009', '2025-12-07 21:27:10'),
('enr_2400021_CS1016_L01_2023-1', '2400021', 'CS1016_L01_2023-1', 'CS1016', '2025-12-07 21:27:10'),
('enr_2400021_CS1020_L01_2023-1', '2400021', 'CS1020_L01_2023-1', 'CS1020', '2025-12-07 21:27:10'),
('enr_2400021_EE1017_L01_2023-1', '2400021', 'EE1017_L01_2023-1', 'EE1017', '2025-12-07 21:27:10'),
('enr_2400021_EN1005_L01_2022-2', '2400021', 'EN1005_L01_2022-2', 'EN1005', '2025-12-07 21:27:10'),
('enr_2400021_MA1003_L01_2023-2', '2400021', 'MA1003_L01_2023-2', 'MA1003', '2025-12-07 21:27:10'),
('enr_2400021_MA1008_L01_2023-2', '2400021', 'MA1008_L01_2023-2', 'MA1008', '2025-12-07 21:27:10'),
('enr_2400021_MA1019_L01_2023-2', '2400021', 'MA1019_L01_2023-2', 'MA1019', '2025-12-07 21:27:10'),
('enr_2400021_PH1002_L01_2024-1', '2400021', 'PH1002_L01_2024-1', 'PH1002', '2025-12-07 21:27:10'),
('enr_2400021_PH1007_L01_2022-2', '2400021', 'PH1007_L01_2022-2', 'PH1007', '2025-12-07 21:27:10'),
('enr_2400021_PH1013_L01_2022-2', '2400021', 'PH1013_L01_2022-2', 'PH1013', '2025-12-07 21:27:10'),
('enr_2400022_CH1004_L01_2022-2', '2400022', 'CH1004_L01_2022-2', 'CH1004', '2025-12-07 21:27:10'),
('enr_2400022_CH1014_L01_2023-2', '2400022', 'CH1014_L01_2023-2', 'CH1014', '2025-12-07 21:27:10'),
('enr_2400022_CO1001_L01_2022-2', '2400022', 'CO1001_L01_2022-2', 'CO1001', '2025-12-07 21:27:10'),
('enr_2400022_CO1006_L01_2023-1', '2400022', 'CO1006_L01_2023-1', 'CO1006', '2025-12-07 21:27:10'),
('enr_2400022_CO1018_L01_2023-1', '2400022', 'CO1018_L01_2023-1', 'CO1018', '2025-12-07 21:27:10'),
('enr_2400022_CS1009_L01_2023-2', '2400022', 'CS1009_L01_2023-2', 'CS1009', '2025-12-07 21:27:10'),
('enr_2400022_CS1016_L01_2023-1', '2400022', 'CS1016_L01_2023-1', 'CS1016', '2025-12-07 21:27:10'),
('enr_2400022_CS1020_L01_2023-2', '2400022', 'CS1020_L01_2023-2', 'CS1020', '2025-12-07 21:27:10'),
('enr_2400022_EE1010_L01_2023-2', '2400022', 'EE1010_L01_2023-2', 'EE1010', '2025-12-07 21:27:10'),
('enr_2400022_EN1005_L01_2024-1', '2400022', 'EN1005_L01_2024-1', 'EN1005', '2025-12-07 21:27:10'),
('enr_2400022_EN1015_L01_2023-1', '2400022', 'EN1015_L01_2023-1', 'EN1015', '2025-12-07 21:27:10'),
('enr_2400022_MA1003_L01_2024-1', '2400022', 'MA1003_L01_2024-1', 'MA1003', '2025-12-07 21:27:10'),
('enr_2400022_MA1008_L01_2023-1', '2400022', 'MA1008_L01_2023-1', 'MA1008', '2025-12-07 21:27:10'),
('enr_2400022_MA1012_L01_2022-2', '2400022', 'MA1012_L01_2022-2', 'MA1012', '2025-12-07 21:27:10'),
('enr_2400022_MA1019_L01_2023-2', '2400022', 'MA1019_L01_2023-2', 'MA1019', '2025-12-07 21:27:10'),
('enr_2400022_PH1002_L01_2022-2', '2400022', 'PH1002_L01_2022-2', 'PH1002', '2025-12-07 21:27:10'),
('enr_2400022_PH1007_L01_2022-2', '2400022', 'PH1007_L01_2022-2', 'PH1007', '2025-12-07 21:27:10'),
('enr_2400023_CH1004_L01_2024-1', '2400023', 'CH1004_L01_2024-1', 'CH1004', '2025-12-07 21:27:10'),
('enr_2400023_CH1014_L01_2023-1', '2400023', 'CH1014_L01_2023-1', 'CH1014', '2025-12-07 21:27:10'),
('enr_2400023_CO1001_L01_2023-2', '2400023', 'CO1001_L01_2023-2', 'CO1001', '2025-12-07 21:27:10'),
('enr_2400023_CO1011_L01_2023-1', '2400023', 'CO1011_L01_2023-1', 'CO1011', '2025-12-07 21:27:10'),
('enr_2400023_CO1018_L01_2023-2', '2400023', 'CO1018_L01_2023-2', 'CO1018', '2025-12-07 21:27:10'),
('enr_2400023_CS1009_L01_2022-2', '2400023', 'CS1009_L01_2022-2', 'CS1009', '2025-12-07 21:27:10'),
('enr_2400023_CS1016_L01_2022-2', '2400023', 'CS1016_L01_2022-2', 'CS1016', '2025-12-07 21:27:10'),
('enr_2400023_CS1020_L01_2023-2', '2400023', 'CS1020_L01_2023-2', 'CS1020', '2025-12-07 21:27:10'),
('enr_2400023_EN1005_L01_2023-2', '2400023', 'EN1005_L01_2023-2', 'EN1005', '2025-12-07 21:27:10'),
('enr_2400023_EN1015_L01_2022-2', '2400023', 'EN1015_L01_2022-2', 'EN1015', '2025-12-07 21:27:10'),
('enr_2400023_MA1003_L01_2024-1', '2400023', 'MA1003_L01_2024-1', 'MA1003', '2025-12-07 21:27:10'),
('enr_2400023_MA1008_L01_2023-1', '2400023', 'MA1008_L01_2023-1', 'MA1008', '2025-12-07 21:27:10'),
('enr_2400023_MA1012_L01_2022-2', '2400023', 'MA1012_L01_2022-2', 'MA1012', '2025-12-07 21:27:10'),
('enr_2400023_MA1019_L01_2023-2', '2400023', 'MA1019_L01_2023-2', 'MA1019', '2025-12-07 21:27:10'),
('enr_2400023_PH1002_L01_2022-2', '2400023', 'PH1002_L01_2022-2', 'PH1002', '2025-12-07 21:27:10'),
('enr_2400023_PH1007_L01_2023-1', '2400023', 'PH1007_L01_2023-1', 'PH1007', '2025-12-07 21:27:10'),
('enr_2400023_PH1013_L01_2023-1', '2400023', 'PH1013_L01_2023-1', 'PH1013', '2025-12-07 21:27:10'),
('enr_2400024_CH1004_L01_2023-1', '2400024', 'CH1004_L01_2023-1', 'CH1004', '2025-12-07 21:27:10'),
('enr_2400024_CH1014_L01_2022-2', '2400024', 'CH1014_L01_2022-2', 'CH1014', '2025-12-07 21:27:10'),
('enr_2400024_CO1001_L01_2024-1', '2400024', 'CO1001_L01_2024-1', 'CO1001', '2025-12-07 21:27:10'),
('enr_2400024_CO1006_L01_2022-2', '2400024', 'CO1006_L01_2022-2', 'CO1006', '2025-12-07 21:27:10'),
('enr_2400024_CO1011_L01_2023-2', '2400024', 'CO1011_L01_2023-2', 'CO1011', '2025-12-07 21:27:10'),
('enr_2400024_CS1009_L01_2022-2', '2400024', 'CS1009_L01_2022-2', 'CS1009', '2025-12-07 21:27:10'),
('enr_2400024_CS1020_L01_2022-2', '2400024', 'CS1020_L01_2022-2', 'CS1020', '2025-12-07 21:27:10'),
('enr_2400024_EE1010_L01_2023-1', '2400024', 'EE1010_L01_2023-1', 'EE1010', '2025-12-07 21:27:10'),
('enr_2400024_EE1017_L01_2023-2', '2400024', 'EE1017_L01_2023-2', 'EE1017', '2025-12-07 21:27:10'),
('enr_2400024_EN1005_L01_2023-2', '2400024', 'EN1005_L01_2023-2', 'EN1005', '2025-12-07 21:27:10'),
('enr_2400024_EN1015_L01_2023-1', '2400024', 'EN1015_L01_2023-1', 'EN1015', '2025-12-07 21:27:10'),
('enr_2400024_MA1003_L01_2022-2', '2400024', 'MA1003_L01_2022-2', 'MA1003', '2025-12-07 21:27:10'),
('enr_2400024_MA1008_L01_2023-2', '2400024', 'MA1008_L01_2023-2', 'MA1008', '2025-12-07 21:27:10'),
('enr_2400024_MA1012_L01_2023-2', '2400024', 'MA1012_L01_2023-2', 'MA1012', '2025-12-07 21:27:10'),
('enr_2400024_MA1019_L01_2023-1', '2400024', 'MA1019_L01_2023-1', 'MA1019', '2025-12-07 21:27:10'),
('enr_2400024_PH1002_L01_2024-1', '2400024', 'PH1002_L01_2024-1', 'PH1002', '2025-12-07 21:27:10'),
('enr_2400024_PH1007_L01_2023-1', '2400024', 'PH1007_L01_2023-1', 'PH1007', '2025-12-07 21:27:10'),
('enr_2400025_CH1004_L01_2023-1', '2400025', 'CH1004_L01_2023-1', 'CH1004', '2025-12-07 21:27:10'),
('enr_2400025_CO1001_L01_2023-1', '2400025', 'CO1001_L01_2023-1', 'CO1001', '2025-12-07 21:27:10'),
('enr_2400025_CO1006_L01_2024-1', '2400025', 'CO1006_L01_2024-1', 'CO1006', '2025-12-07 21:27:10'),
('enr_2400025_CO1011_L01_2023-1', '2400025', 'CO1011_L01_2023-1', 'CO1011', '2025-12-07 21:27:10'),
('enr_2400025_CO1018_L01_2023-2', '2400025', 'CO1018_L01_2023-2', 'CO1018', '2025-12-07 21:27:10'),
('enr_2400025_CS1009_L01_2023-2', '2400025', 'CS1009_L01_2023-2', 'CS1009', '2025-12-07 21:27:10'),
('enr_2400025_CS1016_L01_2022-2', '2400025', 'CS1016_L01_2022-2', 'CS1016', '2025-12-07 21:27:10'),
('enr_2400025_EE1010_L01_2023-1', '2400025', 'EE1010_L01_2023-1', 'EE1010', '2025-12-07 21:27:10'),
('enr_2400025_EE1017_L01_2022-2', '2400025', 'EE1017_L01_2022-2', 'EE1017', '2025-12-07 21:27:10'),
('enr_2400025_EN1005_L01_2023-2', '2400025', 'EN1005_L01_2023-2', 'EN1005', '2025-12-07 21:27:10'),
('enr_2400025_MA1003_L01_2022-2', '2400025', 'MA1003_L01_2022-2', 'MA1003', '2025-12-07 21:27:10'),
('enr_2400025_MA1008_L01_2023-2', '2400025', 'MA1008_L01_2023-2', 'MA1008', '2025-12-07 21:27:10'),
('enr_2400025_MA1012_L01_2024-1', '2400025', 'MA1012_L01_2024-1', 'MA1012', '2025-12-07 21:27:10'),
('enr_2400025_MA1019_L01_2023-1', '2400025', 'MA1019_L01_2023-1', 'MA1019', '2025-12-07 21:27:10'),
('enr_2400025_PH1002_L01_2022-2', '2400025', 'PH1002_L01_2022-2', 'PH1002', '2025-12-07 21:27:10'),
('enr_2400025_PH1007_L01_2022-2', '2400025', 'PH1007_L01_2022-2', 'PH1007', '2025-12-07 21:27:10'),
('enr_2400025_PH1013_L01_2023-2', '2400025', 'PH1013_L01_2023-2', 'PH1013', '2025-12-07 21:27:10'),
('enr_2400026_CH1004_L01_2024-1', '2400026', 'CH1004_L01_2024-1', 'CH1004', '2025-12-07 21:27:10'),
('enr_2400026_CH1014_L01_2022-2', '2400026', 'CH1014_L01_2022-2', 'CH1014', '2025-12-07 21:27:10'),
('enr_2400026_CO1001_L01_2022-2', '2400026', 'CO1001_L01_2022-2', 'CO1001', '2025-12-07 21:27:10'),
('enr_2400026_CO1006_L01_2024-1', '2400026', 'CO1006_L01_2024-1', 'CO1006', '2025-12-07 21:27:10'),
('enr_2400026_CO1011_L01_2023-1', '2400026', 'CO1011_L01_2023-1', 'CO1011', '2025-12-07 21:27:10'),
('enr_2400026_CO1018_L01_2023-1', '2400026', 'CO1018_L01_2023-1', 'CO1018', '2025-12-07 21:27:10'),
('enr_2400026_CS1009_L01_2023-1', '2400026', 'CS1009_L01_2023-1', 'CS1009', '2025-12-07 21:27:10'),
('enr_2400026_CS1016_L01_2023-2', '2400026', 'CS1016_L01_2023-2', 'CS1016', '2025-12-07 21:27:10'),
('enr_2400026_CS1020_L01_2023-2', '2400026', 'CS1020_L01_2023-2', 'CS1020', '2025-12-07 21:27:10'),
('enr_2400026_EE1010_L01_2022-2', '2400026', 'EE1010_L01_2022-2', 'EE1010', '2025-12-07 21:27:10'),
('enr_2400026_EN1005_L01_2023-2', '2400026', 'EN1005_L01_2023-2', 'EN1005', '2025-12-07 21:27:10'),
('enr_2400026_EN1015_L01_2023-2', '2400026', 'EN1015_L01_2023-2', 'EN1015', '2025-12-07 21:27:10'),
('enr_2400026_MA1003_L01_2022-2', '2400026', 'MA1003_L01_2022-2', 'MA1003', '2025-12-07 21:27:10'),
('enr_2400026_MA1019_L01_2022-2', '2400026', 'MA1019_L01_2022-2', 'MA1019', '2025-12-07 21:27:10'),
('enr_2400026_PH1002_L01_2023-1', '2400026', 'PH1002_L01_2023-1', 'PH1002', '2025-12-07 21:27:10'),
('enr_2400026_PH1007_L01_2023-2', '2400026', 'PH1007_L01_2023-2', 'PH1007', '2025-12-07 21:27:10'),
('enr_2400026_PH1013_L01_2023-1', '2400026', 'PH1013_L01_2023-1', 'PH1013', '2025-12-07 21:27:10'),
('enr_2400027_CH1004_L01_2023-1', '2400027', 'CH1004_L01_2023-1', 'CH1004', '2025-12-07 21:27:10'),
('enr_2400027_CO1001_L01_2024-1', '2400027', 'CO1001_L01_2024-1', 'CO1001', '2025-12-07 21:27:10'),
('enr_2400027_CO1006_L01_2023-2', '2400027', 'CO1006_L01_2023-2', 'CO1006', '2025-12-07 21:27:10'),
('enr_2400027_CO1011_L01_2023-1', '2400027', 'CO1011_L01_2023-1', 'CO1011', '2025-12-07 21:27:10'),
('enr_2400027_CO1018_L01_2022-2', '2400027', 'CO1018_L01_2022-2', 'CO1018', '2025-12-07 21:27:10'),
('enr_2400027_CS1016_L01_2023-1', '2400027', 'CS1016_L01_2023-1', 'CS1016', '2025-12-07 21:27:10'),
('enr_2400027_CS1020_L01_2022-2', '2400027', 'CS1020_L01_2022-2', 'CS1020', '2025-12-07 21:27:10'),
('enr_2400027_EE1010_L01_2022-2', '2400027', 'EE1010_L01_2022-2', 'EE1010', '2025-12-07 21:27:10'),
('enr_2400027_EE1017_L01_2023-1', '2400027', 'EE1017_L01_2023-1', 'EE1017', '2025-12-07 21:27:10'),
('enr_2400027_EN1005_L01_2023-2', '2400027', 'EN1005_L01_2023-2', 'EN1005', '2025-12-07 21:27:10'),
('enr_2400027_EN1015_L01_2023-2', '2400027', 'EN1015_L01_2023-2', 'EN1015', '2025-12-07 21:27:10'),
('enr_2400027_MA1003_L01_2022-2', '2400027', 'MA1003_L01_2022-2', 'MA1003', '2025-12-07 21:27:10'),
('enr_2400027_MA1008_L01_2023-2', '2400027', 'MA1008_L01_2023-2', 'MA1008', '2025-12-07 21:27:10'),
('enr_2400027_MA1012_L01_2022-2', '2400027', 'MA1012_L01_2022-2', 'MA1012', '2025-12-07 21:27:10'),
('enr_2400027_PH1002_L01_2023-2', '2400027', 'PH1002_L01_2023-2', 'PH1002', '2025-12-07 21:27:10'),
('enr_2400027_PH1007_L01_2024-1', '2400027', 'PH1007_L01_2024-1', 'PH1007', '2025-12-07 21:27:10'),
('enr_2400027_PH1013_L01_2023-1', '2400027', 'PH1013_L01_2023-1', 'PH1013', '2025-12-07 21:27:10'),
('enr_2400028_CH1004_L01_2023-1', '2400028', 'CH1004_L01_2023-1', 'CH1004', '2025-12-07 21:27:10'),
('enr_2400028_CH1014_L01_2022-2', '2400028', 'CH1014_L01_2022-2', 'CH1014', '2025-12-07 21:27:10'),
('enr_2400028_CO1001_L01_2023-1', '2400028', 'CO1001_L01_2023-1', 'CO1001', '2025-12-07 21:27:10'),
('enr_2400028_CO1006_L01_2022-2', '2400028', 'CO1006_L01_2022-2', 'CO1006', '2025-12-07 21:27:10'),
('enr_2400028_CO1011_L01_2023-2', '2400028', 'CO1011_L01_2023-2', 'CO1011', '2025-12-07 21:27:10'),
('enr_2400028_CO1018_L01_2022-2', '2400028', 'CO1018_L01_2022-2', 'CO1018', '2025-12-07 21:27:10'),
('enr_2400028_CS1009_L01_2024-1', '2400028', 'CS1009_L01_2024-1', 'CS1009', '2025-12-07 21:27:10'),
('enr_2400028_CS1016_L01_2023-1', '2400028', 'CS1016_L01_2023-1', 'CS1016', '2025-12-07 21:27:10'),
('enr_2400028_CS1020_L01_2023-2', '2400028', 'CS1020_L01_2023-2', 'CS1020', '2025-12-07 21:27:10'),
('enr_2400028_EE1010_L01_2022-2', '2400028', 'EE1010_L01_2022-2', 'EE1010', '2025-12-07 21:27:10'),
('enr_2400028_EE1017_L01_2023-2', '2400028', 'EE1017_L01_2023-2', 'EE1017', '2025-12-07 21:27:10'),
('enr_2400028_EN1005_L01_2023-1', '2400028', 'EN1005_L01_2023-1', 'EN1005', '2025-12-07 21:27:10'),
('enr_2400028_EN1015_L01_2022-2', '2400028', 'EN1015_L01_2022-2', 'EN1015', '2025-12-07 21:27:10'),
('enr_2400028_MA1003_L01_2023-2', '2400028', 'MA1003_L01_2023-2', 'MA1003', '2025-12-07 21:27:10'),
('enr_2400028_MA1008_L01_2023-1', '2400028', 'MA1008_L01_2023-1', 'MA1008', '2025-12-07 21:27:10'),
('enr_2400028_PH1002_L01_2024-1', '2400028', 'PH1002_L01_2024-1', 'PH1002', '2025-12-07 21:27:10'),
('enr_2400028_PH1007_L01_2023-2', '2400028', 'PH1007_L01_2023-2', 'PH1007', '2025-12-07 21:27:10'),
('enr_2400029_CH1004_L01_2023-2', '2400029', 'CH1004_L01_2023-2', 'CH1004', '2025-12-07 21:27:10'),
('enr_2400029_CH1014_L01_2023-2', '2400029', 'CH1014_L01_2023-2', 'CH1014', '2025-12-07 21:27:10'),
('enr_2400029_CO1001_L01_2023-1', '2400029', 'CO1001_L01_2023-1', 'CO1001', '2025-12-07 21:27:10'),
('enr_2400029_CO1006_L01_2023-2', '2400029', 'CO1006_L01_2023-2', 'CO1006', '2025-12-07 21:27:10'),
('enr_2400029_CO1011_L01_2022-2', '2400029', 'CO1011_L01_2022-2', 'CO1011', '2025-12-07 21:27:10'),
('enr_2400029_CO1018_L01_2023-1', '2400029', 'CO1018_L01_2023-1', 'CO1018', '2025-12-07 21:27:10'),
('enr_2400029_CS1009_L01_2022-2', '2400029', 'CS1009_L01_2022-2', 'CS1009', '2025-12-07 21:27:10'),
('enr_2400029_CS1016_L01_2022-2', '2400029', 'CS1016_L01_2022-2', 'CS1016', '2025-12-07 21:27:10'),
('enr_2400029_CS1020_L01_2022-2', '2400029', 'CS1020_L01_2022-2', 'CS1020', '2025-12-07 21:27:10'),
('enr_2400029_EE1010_L01_2023-2', '2400029', 'EE1010_L01_2023-2', 'EE1010', '2025-12-07 21:27:10'),
('enr_2400029_EN1005_L01_2024-1', '2400029', 'EN1005_L01_2024-1', 'EN1005', '2025-12-07 21:27:10'),
('enr_2400029_EN1015_L01_2023-1', '2400029', 'EN1015_L01_2023-1', 'EN1015', '2025-12-07 21:27:10'),
('enr_2400029_MA1003_L01_2023-2', '2400029', 'MA1003_L01_2023-2', 'MA1003', '2025-12-07 21:27:10'),
('enr_2400029_MA1012_L01_2023-1', '2400029', 'MA1012_L01_2023-1', 'MA1012', '2025-12-07 21:27:10'),
('enr_2400029_MA1019_L01_2022-2', '2400029', 'MA1019_L01_2022-2', 'MA1019', '2025-12-07 21:27:10'),
('enr_2400029_PH1002_L01_2024-1', '2400029', 'PH1002_L01_2024-1', 'PH1002', '2025-12-07 21:27:10'),
('enr_2400029_PH1007_L01_2023-1', '2400029', 'PH1007_L01_2023-1', 'PH1007', '2025-12-07 21:27:10'),
('enr_2400030_CH1004_L01_2023-1', '2400030', 'CH1004_L01_2023-1', 'CH1004', '2025-12-07 21:27:10'),
('enr_2400030_CH1014_L01_2023-2', '2400030', 'CH1014_L01_2023-2', 'CH1014', '2025-12-07 21:27:10'),
('enr_2400030_CO1001_L01_2023-2', '2400030', 'CO1001_L01_2023-2', 'CO1001', '2025-12-07 21:27:10'),
('enr_2400030_CO1006_L01_2022-2', '2400030', 'CO1006_L01_2022-2', 'CO1006', '2025-12-07 21:27:10'),
('enr_2400030_CO1011_L01_2022-2', '2400030', 'CO1011_L01_2022-2', 'CO1011', '2025-12-07 21:27:10'),
('enr_2400030_CS1009_L01_2024-1', '2400030', 'CS1009_L01_2024-1', 'CS1009', '2025-12-07 21:27:10'),
('enr_2400030_CS1016_L01_2022-2', '2400030', 'CS1016_L01_2022-2', 'CS1016', '2025-12-07 21:27:10'),
('enr_2400030_EE1010_L01_2023-1', '2400030', 'EE1010_L01_2023-1', 'EE1010', '2025-12-07 21:27:10'),
('enr_2400030_EE1017_L01_2023-1', '2400030', 'EE1017_L01_2023-1', 'EE1017', '2025-12-07 21:27:10'),
('enr_2400030_EN1005_L01_2024-1', '2400030', 'EN1005_L01_2024-1', 'EN1005', '2025-12-07 21:27:10'),
('enr_2400030_EN1015_L01_2023-2', '2400030', 'EN1015_L01_2023-2', 'EN1015', '2025-12-07 21:27:10'),
('enr_2400030_MA1003_L01_2023-1', '2400030', 'MA1003_L01_2023-1', 'MA1003', '2025-12-07 21:27:10'),
('enr_2400030_MA1008_L01_2022-2', '2400030', 'MA1008_L01_2022-2', 'MA1008', '2025-12-07 21:27:10'),
('enr_2400030_MA1012_L01_2022-2', '2400030', 'MA1012_L01_2022-2', 'MA1012', '2025-12-07 21:27:10'),
('enr_2400030_PH1002_L01_2023-2', '2400030', 'PH1002_L01_2023-2', 'PH1002', '2025-12-07 21:27:10');
INSERT INTO `enrollments` (`id`, `student_id`, `class_id`, `course_id`, `enrolled_at`) VALUES
('enr_2400030_PH1007_L01_2023-2', '2400030', 'PH1007_L01_2023-2', 'PH1007', '2025-12-07 21:27:10'),
('enr_2400030_PH1013_L01_2023-1', '2400030', 'PH1013_L01_2023-1', 'PH1013', '2025-12-07 21:27:10'),
('enr_2400031_CH1004_L01_2023-2', '2400031', 'CH1004_L01_2023-2', 'CH1004', '2025-12-07 21:27:10'),
('enr_2400031_CH1014_L01_2023-2', '2400031', 'CH1014_L01_2023-2', 'CH1014', '2025-12-07 21:27:10'),
('enr_2400031_CO1001_L01_2024-1', '2400031', 'CO1001_L01_2024-1', 'CO1001', '2025-12-07 21:27:10'),
('enr_2400031_CO1006_L01_2024-1', '2400031', 'CO1006_L01_2024-1', 'CO1006', '2025-12-07 21:27:10'),
('enr_2400031_CO1018_L01_2023-1', '2400031', 'CO1018_L01_2023-1', 'CO1018', '2025-12-07 21:27:10'),
('enr_2400031_CS1016_L01_2023-2', '2400031', 'CS1016_L01_2023-2', 'CS1016', '2025-12-07 21:27:10'),
('enr_2400031_CS1020_L01_2023-1', '2400031', 'CS1020_L01_2023-1', 'CS1020', '2025-12-07 21:27:10'),
('enr_2400031_EE1017_L01_2023-1', '2400031', 'EE1017_L01_2023-1', 'EE1017', '2025-12-07 21:27:10'),
('enr_2400031_EN1005_L01_2022-2', '2400031', 'EN1005_L01_2022-2', 'EN1005', '2025-12-07 21:27:10'),
('enr_2400031_EN1015_L01_2022-2', '2400031', 'EN1015_L01_2022-2', 'EN1015', '2025-12-07 21:27:10'),
('enr_2400031_MA1003_L01_2023-1', '2400031', 'MA1003_L01_2023-1', 'MA1003', '2025-12-07 21:27:10'),
('enr_2400031_MA1008_L01_2023-1', '2400031', 'MA1008_L01_2023-1', 'MA1008', '2025-12-07 21:27:10'),
('enr_2400031_MA1012_L01_2022-2', '2400031', 'MA1012_L01_2022-2', 'MA1012', '2025-12-07 21:27:10'),
('enr_2400031_MA1019_L01_2023-2', '2400031', 'MA1019_L01_2023-2', 'MA1019', '2025-12-07 21:27:10'),
('enr_2400031_PH1002_L01_2022-2', '2400031', 'PH1002_L01_2022-2', 'PH1002', '2025-12-07 21:27:10'),
('enr_2400031_PH1007_L01_2023-2', '2400031', 'PH1007_L01_2023-2', 'PH1007', '2025-12-07 21:27:10'),
('enr_2400031_PH1013_L01_2022-2', '2400031', 'PH1013_L01_2022-2', 'PH1013', '2025-12-07 21:27:10'),
('enr_2400032_CH1004_L01_2022-2', '2400032', 'CH1004_L01_2022-2', 'CH1004', '2025-12-07 21:27:10'),
('enr_2400032_CH1014_L01_2023-2', '2400032', 'CH1014_L01_2023-2', 'CH1014', '2025-12-07 21:27:10'),
('enr_2400032_CO1001_L01_2023-1', '2400032', 'CO1001_L01_2023-1', 'CO1001', '2025-12-07 21:27:10'),
('enr_2400032_CO1006_L01_2024-1', '2400032', 'CO1006_L01_2024-1', 'CO1006', '2025-12-07 21:27:10'),
('enr_2400032_CS1009_L01_2023-1', '2400032', 'CS1009_L01_2023-1', 'CS1009', '2025-12-07 21:27:10'),
('enr_2400032_CS1016_L01_2023-1', '2400032', 'CS1016_L01_2023-1', 'CS1016', '2025-12-07 21:27:10'),
('enr_2400032_CS1020_L01_2022-2', '2400032', 'CS1020_L01_2022-2', 'CS1020', '2025-12-07 21:27:10'),
('enr_2400032_EE1010_L01_2023-2', '2400032', 'EE1010_L01_2023-2', 'EE1010', '2025-12-07 21:27:10'),
('enr_2400032_EE1017_L01_2022-2', '2400032', 'EE1017_L01_2022-2', 'EE1017', '2025-12-07 21:27:10'),
('enr_2400032_EN1005_L01_2024-1', '2400032', 'EN1005_L01_2024-1', 'EN1005', '2025-12-07 21:27:10'),
('enr_2400032_EN1015_L01_2023-1', '2400032', 'EN1015_L01_2023-1', 'EN1015', '2025-12-07 21:27:10'),
('enr_2400032_MA1003_L01_2022-2', '2400032', 'MA1003_L01_2022-2', 'MA1003', '2025-12-07 21:27:10'),
('enr_2400032_MA1008_L01_2022-2', '2400032', 'MA1008_L01_2022-2', 'MA1008', '2025-12-07 21:27:10'),
('enr_2400032_MA1012_L01_2023-1', '2400032', 'MA1012_L01_2023-1', 'MA1012', '2025-12-07 21:27:10'),
('enr_2400032_PH1002_L01_2023-2', '2400032', 'PH1002_L01_2023-2', 'PH1002', '2025-12-07 21:27:10'),
('enr_2400032_PH1007_L01_2023-2', '2400032', 'PH1007_L01_2023-2', 'PH1007', '2025-12-07 21:27:10'),
('enr_2400032_PH1013_L01_2023-2', '2400032', 'PH1013_L01_2023-2', 'PH1013', '2025-12-07 21:27:10'),
('enr_2400033_CH1004_L01_2024-1', '2400033', 'CH1004_L01_2024-1', 'CH1004', '2025-12-07 21:27:10'),
('enr_2400033_CO1001_L01_2022-2', '2400033', 'CO1001_L01_2022-2', 'CO1001', '2025-12-07 21:27:10'),
('enr_2400033_CO1006_L01_2023-1', '2400033', 'CO1006_L01_2023-1', 'CO1006', '2025-12-07 21:27:10'),
('enr_2400033_CO1011_L01_2022-2', '2400033', 'CO1011_L01_2022-2', 'CO1011', '2025-12-07 21:27:10'),
('enr_2400033_CO1018_L01_2023-2', '2400033', 'CO1018_L01_2023-2', 'CO1018', '2025-12-07 21:27:10'),
('enr_2400033_CS1016_L01_2023-1', '2400033', 'CS1016_L01_2023-1', 'CS1016', '2025-12-07 21:27:10'),
('enr_2400033_CS1020_L01_2022-2', '2400033', 'CS1020_L01_2022-2', 'CS1020', '2025-12-07 21:27:10'),
('enr_2400033_EE1010_L01_2023-2', '2400033', 'EE1010_L01_2023-2', 'EE1010', '2025-12-07 21:27:10'),
('enr_2400033_EE1017_L01_2022-2', '2400033', 'EE1017_L01_2022-2', 'EE1017', '2025-12-07 21:27:10'),
('enr_2400033_EN1005_L01_2023-2', '2400033', 'EN1005_L01_2023-2', 'EN1005', '2025-12-07 21:27:10'),
('enr_2400033_EN1015_L01_2023-2', '2400033', 'EN1015_L01_2023-2', 'EN1015', '2025-12-07 21:27:10'),
('enr_2400033_MA1003_L01_2023-2', '2400033', 'MA1003_L01_2023-2', 'MA1003', '2025-12-07 21:27:10'),
('enr_2400033_MA1008_L01_2023-1', '2400033', 'MA1008_L01_2023-1', 'MA1008', '2025-12-07 21:27:10'),
('enr_2400033_MA1012_L01_2023-1', '2400033', 'MA1012_L01_2023-1', 'MA1012', '2025-12-07 21:27:10'),
('enr_2400033_MA1019_L01_2022-2', '2400033', 'MA1019_L01_2022-2', 'MA1019', '2025-12-07 21:27:10'),
('enr_2400033_PH1002_L01_2024-1', '2400033', 'PH1002_L01_2024-1', 'PH1002', '2025-12-07 21:27:10'),
('enr_2400033_PH1013_L01_2023-1', '2400033', 'PH1013_L01_2023-1', 'PH1013', '2025-12-07 21:27:10'),
('enr_2400034_CH1004_L01_2023-1', '2400034', 'CH1004_L01_2023-1', 'CH1004', '2025-12-07 21:27:10'),
('enr_2400034_CH1014_L01_2022-2', '2400034', 'CH1014_L01_2022-2', 'CH1014', '2025-12-07 21:27:10'),
('enr_2400034_CO1001_L01_2022-2', '2400034', 'CO1001_L01_2022-2', 'CO1001', '2025-12-07 21:27:10'),
('enr_2400034_CO1006_L01_2023-1', '2400034', 'CO1006_L01_2023-1', 'CO1006', '2025-12-07 21:27:10'),
('enr_2400034_CO1011_L01_2022-2', '2400034', 'CO1011_L01_2022-2', 'CO1011', '2025-12-07 21:27:10'),
('enr_2400034_CO1018_L01_2022-2', '2400034', 'CO1018_L01_2022-2', 'CO1018', '2025-12-07 21:27:10'),
('enr_2400034_CS1009_L01_2022-2', '2400034', 'CS1009_L01_2022-2', 'CS1009', '2025-12-07 21:27:10'),
('enr_2400034_CS1016_L01_2023-2', '2400034', 'CS1016_L01_2023-2', 'CS1016', '2025-12-07 21:27:10'),
('enr_2400034_CS1020_L01_2023-2', '2400034', 'CS1020_L01_2023-2', 'CS1020', '2025-12-07 21:27:10'),
('enr_2400034_EE1010_L01_2023-2', '2400034', 'EE1010_L01_2023-2', 'EE1010', '2025-12-07 21:27:10'),
('enr_2400034_EE1017_L01_2023-1', '2400034', 'EE1017_L01_2023-1', 'EE1017', '2025-12-07 21:27:10'),
('enr_2400034_EN1005_L01_2023-2', '2400034', 'EN1005_L01_2023-2', 'EN1005', '2025-12-07 21:27:10'),
('enr_2400034_MA1003_L01_2024-1', '2400034', 'MA1003_L01_2024-1', 'MA1003', '2025-12-07 21:27:10'),
('enr_2400034_MA1008_L01_2023-2', '2400034', 'MA1008_L01_2023-2', 'MA1008', '2025-12-07 21:27:10'),
('enr_2400034_MA1019_L01_2023-1', '2400034', 'MA1019_L01_2023-1', 'MA1019', '2025-12-07 21:27:10'),
('enr_2400034_PH1002_L01_2024-1', '2400034', 'PH1002_L01_2024-1', 'PH1002', '2025-12-07 21:27:10'),
('enr_2400034_PH1013_L01_2023-1', '2400034', 'PH1013_L01_2023-1', 'PH1013', '2025-12-07 21:27:10'),
('enr_2400035_CH1004_L01_2023-1', '2400035', 'CH1004_L01_2023-1', 'CH1004', '2025-12-07 21:27:10'),
('enr_2400035_CH1014_L01_2023-1', '2400035', 'CH1014_L01_2023-1', 'CH1014', '2025-12-07 21:27:10'),
('enr_2400035_CO1001_L01_2023-2', '2400035', 'CO1001_L01_2023-2', 'CO1001', '2025-12-07 21:27:10'),
('enr_2400035_CO1006_L01_2024-1', '2400035', 'CO1006_L01_2024-1', 'CO1006', '2025-12-07 21:27:10'),
('enr_2400035_CO1011_L01_2022-2', '2400035', 'CO1011_L01_2022-2', 'CO1011', '2025-12-07 21:27:10'),
('enr_2400035_CO1018_L01_2023-1', '2400035', 'CO1018_L01_2023-1', 'CO1018', '2025-12-07 21:27:10'),
('enr_2400035_CS1009_L01_2023-1', '2400035', 'CS1009_L01_2023-1', 'CS1009', '2025-12-07 21:27:10'),
('enr_2400035_EE1010_L01_2023-1', '2400035', 'EE1010_L01_2023-1', 'EE1010', '2025-12-07 21:27:10'),
('enr_2400035_EE1017_L01_2022-2', '2400035', 'EE1017_L01_2022-2', 'EE1017', '2025-12-07 21:27:10'),
('enr_2400035_EN1005_L01_2024-1', '2400035', 'EN1005_L01_2024-1', 'EN1005', '2025-12-07 21:27:10'),
('enr_2400035_EN1015_L01_2023-2', '2400035', 'EN1015_L01_2023-2', 'EN1015', '2025-12-07 21:27:10'),
('enr_2400035_MA1003_L01_2023-2', '2400035', 'MA1003_L01_2023-2', 'MA1003', '2025-12-07 21:27:10'),
('enr_2400035_MA1008_L01_2023-2', '2400035', 'MA1008_L01_2023-2', 'MA1008', '2025-12-07 21:27:10'),
('enr_2400035_MA1019_L01_2022-2', '2400035', 'MA1019_L01_2022-2', 'MA1019', '2025-12-07 21:27:10'),
('enr_2400035_PH1002_L01_2023-2', '2400035', 'PH1002_L01_2023-2', 'PH1002', '2025-12-07 21:27:10'),
('enr_2400035_PH1007_L01_2022-2', '2400035', 'PH1007_L01_2022-2', 'PH1007', '2025-12-07 21:27:10'),
('enr_2400035_PH1013_L01_2022-2', '2400035', 'PH1013_L01_2022-2', 'PH1013', '2025-12-07 21:27:10'),
('enr_2400036_CH1004_L01_2024-1', '2400036', 'CH1004_L01_2024-1', 'CH1004', '2025-12-07 21:27:10'),
('enr_2400036_CH1014_L01_2023-2', '2400036', 'CH1014_L01_2023-2', 'CH1014', '2025-12-07 21:27:10'),
('enr_2400036_CO1001_L01_2023-2', '2400036', 'CO1001_L01_2023-2', 'CO1001', '2025-12-07 21:27:10'),
('enr_2400036_CO1006_L01_2022-2', '2400036', 'CO1006_L01_2022-2', 'CO1006', '2025-12-07 21:27:10'),
('enr_2400036_CO1018_L01_2023-2', '2400036', 'CO1018_L01_2023-2', 'CO1018', '2025-12-07 21:27:10'),
('enr_2400036_CS1009_L01_2022-2', '2400036', 'CS1009_L01_2022-2', 'CS1009', '2025-12-07 21:27:10'),
('enr_2400036_CS1016_L01_2023-1', '2400036', 'CS1016_L01_2023-1', 'CS1016', '2025-12-07 21:27:10'),
('enr_2400036_CS1020_L01_2023-1', '2400036', 'CS1020_L01_2023-1', 'CS1020', '2025-12-07 21:27:10'),
('enr_2400036_EE1010_L01_2023-2', '2400036', 'EE1010_L01_2023-2', 'EE1010', '2025-12-07 21:27:10'),
('enr_2400036_EN1005_L01_2022-2', '2400036', 'EN1005_L01_2022-2', 'EN1005', '2025-12-07 21:27:10'),
('enr_2400036_EN1015_L01_2023-1', '2400036', 'EN1015_L01_2023-1', 'EN1015', '2025-12-07 21:27:10'),
('enr_2400036_MA1003_L01_2023-2', '2400036', 'MA1003_L01_2023-2', 'MA1003', '2025-12-07 21:27:10'),
('enr_2400036_MA1008_L01_2023-1', '2400036', 'MA1008_L01_2023-1', 'MA1008', '2025-12-07 21:27:10'),
('enr_2400036_MA1012_L01_2022-2', '2400036', 'MA1012_L01_2022-2', 'MA1012', '2025-12-07 21:27:10'),
('enr_2400036_PH1002_L01_2024-1', '2400036', 'PH1002_L01_2024-1', 'PH1002', '2025-12-07 21:27:10'),
('enr_2400036_PH1007_L01_2022-2', '2400036', 'PH1007_L01_2022-2', 'PH1007', '2025-12-07 21:27:10'),
('enr_2400036_PH1013_L01_2023-1', '2400036', 'PH1013_L01_2023-1', 'PH1013', '2025-12-07 21:27:10'),
('enr_2400037_CH1004_L01_2024-1', '2400037', 'CH1004_L01_2024-1', 'CH1004', '2025-12-07 21:27:10'),
('enr_2400037_CH1014_L01_2022-2', '2400037', 'CH1014_L01_2022-2', 'CH1014', '2025-12-07 21:27:10'),
('enr_2400037_CO1001_L01_2022-2', '2400037', 'CO1001_L01_2022-2', 'CO1001', '2025-12-07 21:27:10'),
('enr_2400037_CO1006_L01_2023-1', '2400037', 'CO1006_L01_2023-1', 'CO1006', '2025-12-07 21:27:10'),
('enr_2400037_CO1011_L01_2023-2', '2400037', 'CO1011_L01_2023-2', 'CO1011', '2025-12-07 21:27:10'),
('enr_2400037_CO1018_L01_2023-1', '2400037', 'CO1018_L01_2023-1', 'CO1018', '2025-12-07 21:27:10'),
('enr_2400037_CS1009_L01_2024-1', '2400037', 'CS1009_L01_2024-1', 'CS1009', '2025-12-07 21:27:10'),
('enr_2400037_CS1016_L01_2023-2', '2400037', 'CS1016_L01_2023-2', 'CS1016', '2025-12-07 21:27:10'),
('enr_2400037_CS1020_L01_2023-2', '2400037', 'CS1020_L01_2023-2', 'CS1020', '2025-12-07 21:27:10'),
('enr_2400037_EE1017_L01_2022-2', '2400037', 'EE1017_L01_2022-2', 'EE1017', '2025-12-07 21:27:10'),
('enr_2400037_EN1005_L01_2023-1', '2400037', 'EN1005_L01_2023-1', 'EN1005', '2025-12-07 21:27:10'),
('enr_2400037_MA1003_L01_2023-2', '2400037', 'MA1003_L01_2023-2', 'MA1003', '2025-12-07 21:27:10'),
('enr_2400037_MA1008_L01_2023-1', '2400037', 'MA1008_L01_2023-1', 'MA1008', '2025-12-07 21:27:10'),
('enr_2400037_MA1019_L01_2022-2', '2400037', 'MA1019_L01_2022-2', 'MA1019', '2025-12-07 21:27:10'),
('enr_2400037_PH1002_L01_2023-1', '2400037', 'PH1002_L01_2023-1', 'PH1002', '2025-12-07 21:27:10'),
('enr_2400037_PH1007_L01_2023-2', '2400037', 'PH1007_L01_2023-2', 'PH1007', '2025-12-07 21:27:10'),
('enr_2400037_PH1013_L01_2022-2', '2400037', 'PH1013_L01_2022-2', 'PH1013', '2025-12-07 21:27:10'),
('enr_2400038_CH1004_L01_2023-2', '2400038', 'CH1004_L01_2023-2', 'CH1004', '2025-12-07 21:27:10'),
('enr_2400038_CH1014_L01_2023-1', '2400038', 'CH1014_L01_2023-1', 'CH1014', '2025-12-07 21:27:10'),
('enr_2400038_CO1001_L01_2023-1', '2400038', 'CO1001_L01_2023-1', 'CO1001', '2025-12-07 21:27:10'),
('enr_2400038_CO1006_L01_2023-2', '2400038', 'CO1006_L01_2023-2', 'CO1006', '2025-12-07 21:27:10'),
('enr_2400038_CS1009_L01_2024-1', '2400038', 'CS1009_L01_2024-1', 'CS1009', '2025-12-07 21:27:10'),
('enr_2400038_CS1016_L01_2023-1', '2400038', 'CS1016_L01_2023-1', 'CS1016', '2025-12-07 21:27:10'),
('enr_2400038_CS1020_L01_2023-1', '2400038', 'CS1020_L01_2023-1', 'CS1020', '2025-12-07 21:27:10'),
('enr_2400038_EE1010_L01_2022-2', '2400038', 'EE1010_L01_2022-2', 'EE1010', '2025-12-07 21:27:10'),
('enr_2400038_EE1017_L01_2022-2', '2400038', 'EE1017_L01_2022-2', 'EE1017', '2025-12-07 21:27:10'),
('enr_2400038_EN1005_L01_2023-2', '2400038', 'EN1005_L01_2023-2', 'EN1005', '2025-12-07 21:27:10'),
('enr_2400038_EN1015_L01_2022-2', '2400038', 'EN1015_L01_2022-2', 'EN1015', '2025-12-07 21:27:10'),
('enr_2400038_MA1003_L01_2023-2', '2400038', 'MA1003_L01_2023-2', 'MA1003', '2025-12-07 21:27:10'),
('enr_2400038_MA1008_L01_2024-1', '2400038', 'MA1008_L01_2024-1', 'MA1008', '2025-12-07 21:27:10'),
('enr_2400038_MA1012_L01_2023-2', '2400038', 'MA1012_L01_2023-2', 'MA1012', '2025-12-07 21:27:10'),
('enr_2400038_MA1019_L01_2022-2', '2400038', 'MA1019_L01_2022-2', 'MA1019', '2025-12-07 21:27:10'),
('enr_2400038_PH1002_L01_2023-1', '2400038', 'PH1002_L01_2023-1', 'PH1002', '2025-12-07 21:27:10'),
('enr_2400038_PH1007_L01_2022-2', '2400038', 'PH1007_L01_2022-2', 'PH1007', '2025-12-07 21:27:10'),
('enr_2400039_CH1004_L01_2024-1', '2400039', 'CH1004_L01_2024-1', 'CH1004', '2025-12-07 21:27:10'),
('enr_2400039_CO1001_L01_2023-2', '2400039', 'CO1001_L01_2023-2', 'CO1001', '2025-12-07 21:27:10'),
('enr_2400039_CO1006_L01_2023-2', '2400039', 'CO1006_L01_2023-2', 'CO1006', '2025-12-07 21:27:10'),
('enr_2400039_CO1011_L01_2022-2', '2400039', 'CO1011_L01_2022-2', 'CO1011', '2025-12-07 21:27:10'),
('enr_2400039_CO1018_L01_2023-2', '2400039', 'CO1018_L01_2023-2', 'CO1018', '2025-12-07 21:27:10'),
('enr_2400039_CS1009_L01_2023-2', '2400039', 'CS1009_L01_2023-2', 'CS1009', '2025-12-07 21:27:10'),
('enr_2400039_CS1016_L01_2023-1', '2400039', 'CS1016_L01_2023-1', 'CS1016', '2025-12-07 21:27:10'),
('enr_2400039_EE1017_L01_2022-2', '2400039', 'EE1017_L01_2022-2', 'EE1017', '2025-12-07 21:27:10'),
('enr_2400039_EN1005_L01_2023-1', '2400039', 'EN1005_L01_2023-1', 'EN1005', '2025-12-07 21:27:10'),
('enr_2400039_EN1015_L01_2022-2', '2400039', 'EN1015_L01_2022-2', 'EN1015', '2025-12-07 21:27:10'),
('enr_2400039_MA1003_L01_2024-1', '2400039', 'MA1003_L01_2024-1', 'MA1003', '2025-12-07 21:27:10'),
('enr_2400039_MA1008_L01_2023-2', '2400039', 'MA1008_L01_2023-2', 'MA1008', '2025-12-07 21:27:10'),
('enr_2400039_MA1012_L01_2023-1', '2400039', 'MA1012_L01_2023-1', 'MA1012', '2025-12-07 21:27:10'),
('enr_2400039_MA1019_L01_2022-2', '2400039', 'MA1019_L01_2022-2', 'MA1019', '2025-12-07 21:27:10'),
('enr_2400039_PH1002_L01_2023-1', '2400039', 'PH1002_L01_2023-1', 'PH1002', '2025-12-07 21:27:10'),
('enr_2400039_PH1007_L01_2022-2', '2400039', 'PH1007_L01_2022-2', 'PH1007', '2025-12-07 21:27:10'),
('enr_2400039_PH1013_L01_2023-1', '2400039', 'PH1013_L01_2023-1', 'PH1013', '2025-12-07 21:27:10'),
('enr_2400040_CH1004_L01_2023-1', '2400040', 'CH1004_L01_2023-1', 'CH1004', '2025-12-07 21:27:10'),
('enr_2400040_CH1014_L01_2022-2', '2400040', 'CH1014_L01_2022-2', 'CH1014', '2025-12-07 21:27:10'),
('enr_2400040_CO1001_L01_2023-1', '2400040', 'CO1001_L01_2023-1', 'CO1001', '2025-12-07 21:27:10'),
('enr_2400040_CO1006_L01_2022-2', '2400040', 'CO1006_L01_2022-2', 'CO1006', '2025-12-07 21:27:10'),
('enr_2400040_CO1018_L01_2023-1', '2400040', 'CO1018_L01_2023-1', 'CO1018', '2025-12-07 21:27:10'),
('enr_2400040_CS1009_L01_2022-2', '2400040', 'CS1009_L01_2022-2', 'CS1009', '2025-12-07 21:27:10'),
('enr_2400040_CS1016_L01_2023-2', '2400040', 'CS1016_L01_2023-2', 'CS1016', '2025-12-07 21:27:10'),
('enr_2400040_CS1020_L01_2023-2', '2400040', 'CS1020_L01_2023-2', 'CS1020', '2025-12-07 21:27:10'),
('enr_2400040_EE1017_L01_2022-2', '2400040', 'EE1017_L01_2022-2', 'EE1017', '2025-12-07 21:27:10'),
('enr_2400040_EN1005_L01_2024-1', '2400040', 'EN1005_L01_2024-1', 'EN1005', '2025-12-07 21:27:10'),
('enr_2400040_EN1015_L01_2023-2', '2400040', 'EN1015_L01_2023-2', 'EN1015', '2025-12-07 21:27:10'),
('enr_2400040_MA1003_L01_2024-1', '2400040', 'MA1003_L01_2024-1', 'MA1003', '2025-12-07 21:27:10'),
('enr_2400040_MA1008_L01_2022-2', '2400040', 'MA1008_L01_2022-2', 'MA1008', '2025-12-07 21:27:10'),
('enr_2400040_MA1012_L01_2023-1', '2400040', 'MA1012_L01_2023-1', 'MA1012', '2025-12-07 21:27:10'),
('enr_2400040_PH1002_L01_2023-2', '2400040', 'PH1002_L01_2023-2', 'PH1002', '2025-12-07 21:27:10'),
('enr_2400040_PH1007_L01_2023-1', '2400040', 'PH1007_L01_2023-1', 'PH1007', '2025-12-07 21:27:10'),
('enr_2400040_PH1013_L01_2023-2', '2400040', 'PH1013_L01_2023-2', 'PH1013', '2025-12-07 21:27:10');

-- --------------------------------------------------------

--
-- Cấu trúc bảng cho bảng `grades`
--

CREATE TABLE `grades` (
  `id` varchar(50) NOT NULL,
  `student_id` varchar(50) NOT NULL,
  `class_id` varchar(100) NOT NULL,
  `course_id` varchar(50) NOT NULL,
  `score_component` decimal(4,2) DEFAULT NULL,
  `score_midterm` decimal(4,2) DEFAULT NULL,
  `score_project` decimal(4,2) DEFAULT NULL,
  `score_final` decimal(4,2) DEFAULT NULL,
  `final_score_10` decimal(4,2) DEFAULT NULL,
  `final_score_4` decimal(3,2) DEFAULT NULL,
  `letter_grade` varchar(5) DEFAULT NULL,
  `is_submitted` tinyint(1) NOT NULL DEFAULT 0 COMMENT 'True if teacher clicked Submit',
  `is_locked` tinyint(1) NOT NULL DEFAULT 0 COMMENT 'True if Admin locked the grades',
  `updated_at` timestamp NOT NULL DEFAULT current_timestamp() ON UPDATE current_timestamp()
) ENGINE=InnoDB DEFAULT CHARSET=utf8mb4 COLLATE=utf8mb4_unicode_ci;

--
-- Đang đổ dữ liệu cho bảng `grades`
--

INSERT INTO `grades` (`id`, `student_id`, `class_id`, `course_id`, `score_component`, `score_midterm`, `score_project`, `score_final`, `final_score_10`, `final_score_4`, `letter_grade`, `is_submitted`, `is_locked`, `updated_at`) VALUES
('g_enr_1765142886516', '1952705', 'CH1014_L04_2022-2', 'CH1014', 10.00, 10.00, 9.00, 10.00, 10.00, 4.00, 'A', 1, 1, '2025-12-07 21:33:28'),
('g_enr_2400001_CH1004_L01_2024-1', '2400001', 'CH1004_L01_2024-1', 'CH1004', 7.80, NULL, NULL, NULL, NULL, NULL, NULL, 0, 0, '2025-12-07 21:27:10'),
('g_enr_2400001_CH1014_L01_2023-2', '2400001', 'CH1014_L01_2023-2', 'CH1014', 7.40, 6.70, NULL, 6.30, 6.60, 2.50, 'C+', 1, 1, '2025-12-07 21:27:10'),
('g_enr_2400001_CO1001_L01_2024-1', '2400001', 'CO1001_L01_2024-1', 'CO1001', 7.00, NULL, NULL, NULL, NULL, NULL, NULL, 0, 0, '2025-12-07 21:27:10'),
('g_enr_2400001_CO1006_L01_2023-1', '2400001', 'CO1006_L01_2023-1', 'CO1006', 7.70, 7.20, NULL, 6.40, 6.90, 2.50, 'C+', 1, 1, '2025-12-07 21:27:10'),
('g_enr_2400001_CO1011_L01_2023-2', '2400001', 'CO1011_L01_2023-2', 'CO1011', 9.50, 6.90, NULL, 7.30, 7.60, 3.00, 'B', 1, 1, '2025-12-07 21:27:10'),
('g_enr_2400001_CO1018_L01_2023-1', '2400001', 'CO1018_L01_2023-1', 'CO1018', 9.10, 9.90, NULL, 9.30, 9.40, 4.00, 'A', 1, 1, '2025-12-07 21:27:10'),
('g_enr_2400001_CS1016_L01_2022-2', '2400001', 'CS1016_L01_2022-2', 'CS1016', 6.20, 7.30, NULL, 5.60, 6.20, 2.00, 'C', 1, 1, '2025-12-07 21:27:10'),
('g_enr_2400001_CS1020_L01_2022-2', '2400001', 'CS1020_L01_2022-2', 'CS1020', 8.20, 8.60, NULL, 8.50, 8.50, 4.00, 'A', 1, 1, '2025-12-07 21:27:10'),
('g_enr_2400001_EE1010_L01_2023-1', '2400001', 'EE1010_L01_2023-1', 'EE1010', 9.10, 5.50, NULL, 6.90, 6.90, 2.50, 'C+', 1, 1, '2025-12-07 21:27:10'),
('g_enr_2400001_EN1005_L01_2022-2', '2400001', 'EN1005_L01_2022-2', 'EN1005', 7.70, 6.40, NULL, 6.10, 6.50, 2.50, 'C+', 1, 1, '2025-12-07 21:27:10'),
('g_enr_2400001_EN1015_L01_2023-2', '2400001', 'EN1015_L01_2023-2', 'EN1015', 9.50, 8.80, NULL, 5.80, 7.40, 3.00, 'B', 1, 1, '2025-12-07 21:27:10'),
('g_enr_2400001_MA1003_L01_2023-2', '2400001', 'MA1003_L01_2023-2', 'MA1003', 6.30, 8.20, NULL, 7.70, 7.60, 3.00, 'B', 1, 1, '2025-12-07 21:27:10'),
('g_enr_2400001_MA1012_L01_2023-1', '2400001', 'MA1012_L01_2023-1', 'MA1012', 8.70, 8.50, NULL, 8.40, 8.50, 4.00, 'A', 1, 1, '2025-12-07 21:27:10'),
('g_enr_2400001_MA1019_L01_2023-1', '2400001', 'MA1019_L01_2023-1', 'MA1019', 9.70, 5.40, NULL, 6.50, 6.80, 2.50, 'C+', 1, 1, '2025-12-07 21:27:10'),
('g_enr_2400001_PH1002_L01_2022-2', '2400001', 'PH1002_L01_2022-2', 'PH1002', 9.30, 5.80, NULL, 6.80, 7.00, 3.00, 'B', 1, 1, '2025-12-07 21:27:10'),
('g_enr_2400001_PH1007_L01_2023-2', '2400001', 'PH1007_L01_2023-2', 'PH1007', 8.50, 9.40, NULL, 6.80, 7.90, 3.00, 'B', 1, 1, '2025-12-07 21:27:10'),
('g_enr_2400001_PH1013_L01_2022-2', '2400001', 'PH1013_L01_2022-2', 'PH1013', 6.80, 5.30, NULL, 8.30, 7.10, 3.00, 'B', 1, 1, '2025-12-07 21:27:10'),
('g_enr_2400002_CH1004_L01_2023-2', '2400002', 'CH1004_L01_2023-2', 'CH1004', 8.60, 8.00, NULL, 5.80, 7.00, 3.00, 'B', 1, 1, '2025-12-07 21:27:10'),
('g_enr_2400002_CH1014_L01_2023-1', '2400002', 'CH1014_L01_2023-1', 'CH1014', 9.70, 9.40, NULL, 6.50, 8.00, 3.50, 'B+', 1, 1, '2025-12-07 21:27:10'),
('g_enr_2400002_CO1001_L01_2022-2', '2400002', 'CO1001_L01_2022-2', 'CO1001', 7.10, 7.50, NULL, 5.90, 6.60, 2.50, 'C+', 1, 1, '2025-12-07 21:27:10'),
('g_enr_2400002_CO1006_L01_2023-2', '2400002', 'CO1006_L01_2023-2', 'CO1006', 7.80, 9.80, NULL, 9.40, 9.20, 4.00, 'A', 1, 1, '2025-12-07 21:27:10'),
('g_enr_2400002_CS1016_L01_2023-2', '2400002', 'CS1016_L01_2023-2', 'CS1016', 9.40, 5.10, NULL, 8.60, 7.70, 3.00, 'B', 1, 1, '2025-12-07 21:27:10'),
('g_enr_2400002_CS1020_L01_2022-2', '2400002', 'CS1020_L01_2022-2', 'CS1020', 7.60, 6.10, NULL, 10.00, 8.30, 3.50, 'B+', 1, 1, '2025-12-07 21:27:10'),
('g_enr_2400002_EE1010_L01_2022-2', '2400002', 'EE1010_L01_2022-2', 'EE1010', 7.70, 5.30, NULL, 6.90, 6.60, 2.50, 'C+', 1, 1, '2025-12-07 21:27:10'),
('g_enr_2400002_EE1017_L01_2023-2', '2400002', 'EE1017_L01_2023-2', 'EE1017', 7.10, 7.90, NULL, 9.50, 8.50, 4.00, 'A', 1, 1, '2025-12-07 21:27:10'),
('g_enr_2400002_EN1005_L01_2022-2', '2400002', 'EN1005_L01_2022-2', 'EN1005', 8.70, 7.70, NULL, 6.30, 7.20, 3.00, 'B', 1, 1, '2025-12-07 21:27:10'),
('g_enr_2400002_EN1015_L01_2023-1', '2400002', 'EN1015_L01_2023-1', 'EN1015', 10.00, 7.60, NULL, 9.90, 9.20, 4.00, 'A', 1, 1, '2025-12-07 21:27:10'),
('g_enr_2400002_MA1003_L01_2023-1', '2400002', 'MA1003_L01_2023-1', 'MA1003', 8.00, 5.50, NULL, 5.20, 5.80, 2.00, 'C', 1, 1, '2025-12-07 21:27:10'),
('g_enr_2400002_MA1008_L01_2024-1', '2400002', 'MA1008_L01_2024-1', 'MA1008', 8.20, NULL, NULL, NULL, NULL, NULL, NULL, 0, 0, '2025-12-07 21:27:10'),
('g_enr_2400002_MA1012_L01_2023-2', '2400002', 'MA1012_L01_2023-2', 'MA1012', 6.40, 8.10, NULL, 9.00, 8.20, 3.50, 'B+', 1, 1, '2025-12-07 21:27:10'),
('g_enr_2400002_MA1019_L01_2023-1', '2400002', 'MA1019_L01_2023-1', 'MA1019', 7.10, 6.20, NULL, 7.80, 7.20, 3.00, 'B', 1, 1, '2025-12-07 21:27:10'),
('g_enr_2400002_PH1002_L01_2024-1', '2400002', 'PH1002_L01_2024-1', 'PH1002', 9.10, NULL, NULL, NULL, NULL, NULL, NULL, 0, 0, '2025-12-07 21:27:10'),
('g_enr_2400002_PH1007_L01_2023-1', '2400002', 'PH1007_L01_2023-1', 'PH1007', 8.60, 5.60, NULL, 7.20, 7.00, 3.00, 'B', 1, 1, '2025-12-07 21:27:10'),
('g_enr_2400002_PH1013_L01_2022-2', '2400002', 'PH1013_L01_2022-2', 'PH1013', 7.60, 9.60, NULL, 7.30, 8.10, 3.50, 'B+', 1, 1, '2025-12-07 21:27:10'),
('g_enr_2400003_CH1004_L01_2023-1', '2400003', 'CH1004_L01_2023-1', 'CH1004', 6.50, 9.70, NULL, 7.90, 8.20, 3.50, 'B+', 1, 1, '2025-12-07 21:27:10'),
('g_enr_2400003_CH1014_L01_2023-2', '2400003', 'CH1014_L01_2023-2', 'CH1014', 6.50, 6.10, NULL, 6.70, 6.50, 2.50, 'C+', 1, 1, '2025-12-07 21:27:10'),
('g_enr_2400003_CO1001_L01_2024-1', '2400003', 'CO1001_L01_2024-1', 'CO1001', 7.60, NULL, NULL, NULL, NULL, NULL, NULL, 0, 0, '2025-12-07 21:27:10'),
('g_enr_2400003_CO1006_L01_2023-1', '2400003', 'CO1006_L01_2023-1', 'CO1006', 7.70, 7.30, NULL, 8.60, 8.00, 3.50, 'B+', 1, 1, '2025-12-07 21:27:10'),
('g_enr_2400003_CO1011_L01_2024-1', '2400003', 'CO1011_L01_2024-1', 'CO1011', 7.40, NULL, NULL, NULL, NULL, NULL, NULL, 0, 0, '2025-12-07 21:27:10'),
('g_enr_2400003_CO1018_L01_2023-2', '2400003', 'CO1018_L01_2023-2', 'CO1018', 9.60, 9.30, NULL, 5.40, 7.40, 3.00, 'B', 1, 1, '2025-12-07 21:27:10'),
('g_enr_2400003_CS1009_L01_2023-1', '2400003', 'CS1009_L01_2023-1', 'CS1009', 8.60, 7.20, NULL, 7.60, 7.70, 3.00, 'B', 1, 1, '2025-12-07 21:27:10'),
('g_enr_2400003_CS1020_L01_2022-2', '2400003', 'CS1020_L01_2022-2', 'CS1020', 7.00, 8.30, NULL, 6.10, 6.90, 2.50, 'C+', 1, 1, '2025-12-07 21:27:10'),
('g_enr_2400003_EE1010_L01_2022-2', '2400003', 'EE1010_L01_2022-2', 'EE1010', 8.40, 6.20, NULL, 6.10, 6.60, 2.50, 'C+', 1, 1, '2025-12-07 21:27:10'),
('g_enr_2400003_EN1005_L01_2023-2', '2400003', 'EN1005_L01_2023-2', 'EN1005', 7.90, 8.90, NULL, 9.00, 8.80, 4.00, 'A', 1, 1, '2025-12-07 21:27:10'),
('g_enr_2400003_EN1015_L01_2023-1', '2400003', 'EN1015_L01_2023-1', 'EN1015', 6.30, 8.20, NULL, 6.10, 6.80, 2.50, 'C+', 1, 1, '2025-12-07 21:27:10'),
('g_enr_2400003_MA1003_L01_2023-2', '2400003', 'MA1003_L01_2023-2', 'MA1003', 6.80, 7.70, NULL, 8.60, 8.00, 3.50, 'B+', 1, 1, '2025-12-07 21:27:10'),
('g_enr_2400003_MA1008_L01_2022-2', '2400003', 'MA1008_L01_2022-2', 'MA1008', 6.50, 7.40, NULL, 7.70, 7.40, 3.00, 'B', 1, 1, '2025-12-07 21:27:10'),
('g_enr_2400003_MA1012_L01_2023-1', '2400003', 'MA1012_L01_2023-1', 'MA1012', 7.10, 9.40, NULL, 7.10, 7.80, 3.00, 'B', 1, 1, '2025-12-07 21:27:10'),
('g_enr_2400003_PH1002_L01_2023-2', '2400003', 'PH1002_L01_2023-2', 'PH1002', 8.70, 9.90, NULL, 5.50, 7.50, 3.00, 'B', 1, 1, '2025-12-07 21:27:10'),
('g_enr_2400003_PH1007_L01_2022-2', '2400003', 'PH1007_L01_2022-2', 'PH1007', 6.80, 6.60, NULL, 10.00, 8.30, 3.50, 'B+', 1, 1, '2025-12-07 21:27:10'),
('g_enr_2400003_PH1013_L01_2022-2', '2400003', 'PH1013_L01_2022-2', 'PH1013', 6.80, 5.50, NULL, 7.20, 6.60, 2.50, 'C+', 1, 1, '2025-12-07 21:27:10'),
('g_enr_2400004_CH1004_L01_2024-1', '2400004', 'CH1004_L01_2024-1', 'CH1004', 8.90, NULL, NULL, NULL, NULL, NULL, NULL, 0, 0, '2025-12-07 21:27:10'),
('g_enr_2400004_CH1014_L01_2022-2', '2400004', 'CH1014_L01_2022-2', 'CH1014', 6.60, 6.50, NULL, 9.80, 8.20, 3.50, 'B+', 1, 1, '2025-12-07 21:27:10'),
('g_enr_2400004_CO1001_L01_2023-1', '2400004', 'CO1001_L01_2023-1', 'CO1001', 7.80, 7.10, NULL, 9.80, 8.60, 4.00, 'A', 1, 1, '2025-12-07 21:27:10'),
('g_enr_2400004_CO1006_L01_2022-2', '2400004', 'CO1006_L01_2022-2', 'CO1006', 9.90, 6.30, NULL, 8.90, 8.30, 3.50, 'B+', 1, 1, '2025-12-07 21:27:10'),
('g_enr_2400004_CO1011_L01_2023-1', '2400004', 'CO1011_L01_2023-1', 'CO1011', 8.30, 7.70, NULL, 8.70, 8.30, 3.50, 'B+', 1, 1, '2025-12-07 21:27:10'),
('g_enr_2400004_CS1009_L01_2022-2', '2400004', 'CS1009_L01_2022-2', 'CS1009', 9.90, 9.60, NULL, 9.20, 9.50, 4.00, 'A', 1, 1, '2025-12-07 21:27:10'),
('g_enr_2400004_CS1016_L01_2022-2', '2400004', 'CS1016_L01_2022-2', 'CS1016', 9.60, 6.20, NULL, 8.00, 7.80, 3.00, 'B', 1, 1, '2025-12-07 21:27:10'),
('g_enr_2400004_CS1020_L01_2022-2', '2400004', 'CS1020_L01_2022-2', 'CS1020', 9.40, 5.80, NULL, 9.80, 8.50, 4.00, 'A', 1, 1, '2025-12-07 21:27:10'),
('g_enr_2400004_EE1010_L01_2023-1', '2400004', 'EE1010_L01_2023-1', 'EE1010', 6.70, 7.40, NULL, 6.10, 6.60, 2.50, 'C+', 1, 1, '2025-12-07 21:27:10'),
('g_enr_2400004_EE1017_L01_2023-1', '2400004', 'EE1017_L01_2023-1', 'EE1017', 8.50, 7.10, NULL, 7.90, 7.80, 3.00, 'B', 1, 1, '2025-12-07 21:27:10'),
('g_enr_2400004_EN1005_L01_2023-2', '2400004', 'EN1005_L01_2023-2', 'EN1005', 8.70, 6.20, NULL, 5.60, 6.40, 2.00, 'C', 1, 1, '2025-12-07 21:27:10'),
('g_enr_2400004_MA1003_L01_2023-2', '2400004', 'MA1003_L01_2023-2', 'MA1003', 8.10, 9.70, NULL, 6.00, 7.50, 3.00, 'B', 1, 1, '2025-12-07 21:27:10'),
('g_enr_2400004_MA1012_L01_2023-2', '2400004', 'MA1012_L01_2023-2', 'MA1012', 10.00, 7.80, NULL, 8.60, 8.60, 4.00, 'A', 1, 1, '2025-12-07 21:27:10'),
('g_enr_2400004_MA1019_L01_2023-1', '2400004', 'MA1019_L01_2023-1', 'MA1019', 6.30, 5.90, NULL, 8.00, 7.00, 3.00, 'B', 1, 1, '2025-12-07 21:27:10'),
('g_enr_2400004_PH1002_L01_2023-2', '2400004', 'PH1002_L01_2023-2', 'PH1002', 6.20, 7.90, NULL, 7.50, 7.40, 3.00, 'B', 1, 1, '2025-12-07 21:27:10'),
('g_enr_2400004_PH1007_L01_2024-1', '2400004', 'PH1007_L01_2024-1', 'PH1007', 7.00, NULL, NULL, NULL, NULL, NULL, NULL, 0, 0, '2025-12-07 21:27:10'),
('g_enr_2400004_PH1013_L01_2023-2', '2400004', 'PH1013_L01_2023-2', 'PH1013', 7.60, 5.30, NULL, 6.90, 6.60, 2.50, 'C+', 1, 1, '2025-12-07 21:27:10'),
('g_enr_2400005_CH1004_L01_2022-2', '2400005', 'CH1004_L01_2022-2', 'CH1004', 9.50, 9.40, NULL, 6.80, 8.10, 3.50, 'B+', 1, 0, '2025-12-07 21:29:08'),
('g_enr_2400005_CH1014_L01_2023-2', '2400005', 'CH1014_L01_2023-2', 'CH1014', 8.00, 9.50, NULL, 9.20, 9.10, 4.00, 'A', 1, 1, '2025-12-07 21:27:10'),
('g_enr_2400005_CO1001_L01_2023-2', '2400005', 'CO1001_L01_2023-2', 'CO1001', 7.00, 8.70, NULL, 7.80, 7.90, 3.00, 'B', 1, 1, '2025-12-07 21:27:10'),
('g_enr_2400005_CO1006_L01_2023-1', '2400005', 'CO1006_L01_2023-1', 'CO1006', 6.60, 9.20, NULL, 8.50, 8.30, 3.50, 'B+', 1, 1, '2025-12-07 21:27:10'),
('g_enr_2400005_CO1018_L01_2022-2', '2400005', 'CO1018_L01_2022-2', 'CO1018', 6.40, 7.10, NULL, 6.40, 6.60, 2.50, 'C+', 1, 1, '2025-12-07 21:27:10'),
('g_enr_2400005_CS1009_L01_2023-1', '2400005', 'CS1009_L01_2023-1', 'CS1009', 6.80, 8.20, NULL, 6.30, 7.00, 3.00, 'B', 1, 1, '2025-12-07 21:27:10'),
('g_enr_2400005_CS1016_L01_2023-2', '2400005', 'CS1016_L01_2023-2', 'CS1016', 6.50, 5.50, NULL, 7.80, 6.80, 2.50, 'C+', 1, 1, '2025-12-07 21:27:10'),
('g_enr_2400005_CS1020_L01_2023-1', '2400005', 'CS1020_L01_2023-1', 'CS1020', 9.50, 9.50, NULL, 7.70, 8.60, 4.00, 'A', 1, 1, '2025-12-07 21:27:10'),
('g_enr_2400005_EE1010_L01_2024-1', '2400005', 'EE1010_L01_2024-1', 'EE1010', 7.20, NULL, NULL, NULL, NULL, NULL, NULL, 0, 0, '2025-12-07 21:27:10'),
('g_enr_2400005_EE1017_L01_2023-2', '2400005', 'EE1017_L01_2023-2', 'EE1017', 9.30, 7.90, NULL, 5.70, 7.10, 3.00, 'B', 1, 1, '2025-12-07 21:27:10'),
('g_enr_2400005_EN1005_L01_2024-1', '2400005', 'EN1005_L01_2024-1', 'EN1005', 6.50, NULL, NULL, NULL, NULL, NULL, NULL, 0, 0, '2025-12-07 21:27:10'),
('g_enr_2400005_MA1003_L01_2022-2', '2400005', 'MA1003_L01_2022-2', 'MA1003', 6.00, 9.10, NULL, 6.50, 7.20, 3.00, 'B', 1, 1, '2025-12-07 21:27:10'),
('g_enr_2400005_MA1008_L01_2023-1', '2400005', 'MA1008_L01_2023-1', 'MA1008', 6.00, 8.90, NULL, 8.20, 8.00, 3.50, 'B+', 1, 1, '2025-12-07 21:27:10'),
('g_enr_2400005_MA1012_L01_2023-2', '2400005', 'MA1012_L01_2023-2', 'MA1012', 8.40, 9.90, NULL, 8.30, 8.80, 4.00, 'A', 1, 1, '2025-12-07 21:27:10'),
('g_enr_2400005_MA1019_L01_2022-2', '2400005', 'MA1019_L01_2022-2', 'MA1019', 7.10, 8.00, NULL, 8.60, 8.10, 3.50, 'B+', 1, 1, '2025-12-07 21:27:10'),
('g_enr_2400005_PH1002_L01_2022-2', '2400005', 'PH1002_L01_2022-2', 'PH1002', 7.70, 5.00, NULL, 5.40, 5.70, 2.00, 'C', 1, 1, '2025-12-07 21:27:10'),
('g_enr_2400005_PH1007_L01_2023-1', '2400005', 'PH1007_L01_2023-1', 'PH1007', 8.70, 9.70, NULL, 5.70, 7.50, 3.00, 'B', 1, 1, '2025-12-07 21:27:10'),
('g_enr_2400006_CH1004_L01_2024-1', '2400006', 'CH1004_L01_2024-1', 'CH1004', 8.90, NULL, NULL, NULL, NULL, NULL, NULL, 0, 0, '2025-12-07 21:27:10'),
('g_enr_2400006_CH1014_L01_2023-1', '2400006', 'CH1014_L01_2023-1', 'CH1014', 7.40, 9.10, NULL, 9.40, 8.90, 4.00, 'A', 1, 1, '2025-12-07 21:27:10'),
('g_enr_2400006_CO1001_L01_2022-2', '2400006', 'CO1001_L01_2022-2', 'CO1001', 7.90, 6.00, NULL, 9.60, 8.20, 3.50, 'B+', 1, 1, '2025-12-07 21:27:10'),
('g_enr_2400006_CO1006_L01_2023-2', '2400006', 'CO1006_L01_2023-2', 'CO1006', 8.10, 9.00, NULL, 8.40, 8.50, 4.00, 'A', 1, 1, '2025-12-07 21:27:10'),
('g_enr_2400006_CO1011_L01_2023-1', '2400006', 'CO1011_L01_2023-1', 'CO1011', 7.40, 7.50, NULL, 8.40, 7.90, 3.00, 'B', 1, 1, '2025-12-07 21:27:10'),
('g_enr_2400006_CO1018_L01_2023-2', '2400006', 'CO1018_L01_2023-2', 'CO1018', 7.40, 8.90, NULL, 7.20, 7.80, 3.00, 'B', 1, 1, '2025-12-07 21:27:10'),
('g_enr_2400006_CS1009_L01_2022-2', '2400006', 'CS1009_L01_2022-2', 'CS1009', 9.90, 5.60, NULL, 9.50, 8.40, 3.50, 'B+', 1, 1, '2025-12-07 21:27:10'),
('g_enr_2400006_CS1016_L01_2023-2', '2400006', 'CS1016_L01_2023-2', 'CS1016', 9.40, 6.70, NULL, 5.10, 6.40, 2.00, 'C', 1, 1, '2025-12-07 21:27:10'),
('g_enr_2400006_CS1020_L01_2023-2', '2400006', 'CS1020_L01_2023-2', 'CS1020', 6.90, 8.30, NULL, 7.00, 7.40, 3.00, 'B', 1, 1, '2025-12-07 21:27:10'),
('g_enr_2400006_EE1010_L01_2023-1', '2400006', 'EE1010_L01_2023-1', 'EE1010', 9.90, 5.20, NULL, 8.00, 7.50, 3.00, 'B', 1, 1, '2025-12-07 21:27:10'),
('g_enr_2400006_EE1017_L01_2022-2', '2400006', 'EE1017_L01_2022-2', 'EE1017', 9.10, 7.10, NULL, 8.30, 8.10, 3.50, 'B+', 1, 1, '2025-12-07 21:27:10'),
('g_enr_2400006_EN1005_L01_2023-2', '2400006', 'EN1005_L01_2023-2', 'EN1005', 8.80, 6.90, NULL, 5.20, 6.40, 2.00, 'C', 1, 1, '2025-12-07 21:27:10'),
('g_enr_2400006_EN1015_L01_2023-1', '2400006', 'EN1015_L01_2023-1', 'EN1015', 8.90, 6.20, NULL, 5.80, 6.50, 2.50, 'C+', 1, 1, '2025-12-07 21:27:10'),
('g_enr_2400006_MA1003_L01_2022-2', '2400006', 'MA1003_L01_2022-2', 'MA1003', 9.50, 6.30, NULL, 7.90, 7.70, 3.00, 'B', 1, 1, '2025-12-07 21:27:10'),
('g_enr_2400006_MA1019_L01_2022-2', '2400006', 'MA1019_L01_2022-2', 'MA1019', 7.10, 5.30, NULL, 8.90, 7.50, 3.00, 'B', 1, 1, '2025-12-07 21:27:10'),
('g_enr_2400006_PH1002_L01_2024-1', '2400006', 'PH1002_L01_2024-1', 'PH1002', 9.80, NULL, NULL, NULL, NULL, NULL, NULL, 0, 0, '2025-12-07 21:27:10'),
('g_enr_2400006_PH1013_L01_2023-1', '2400006', 'PH1013_L01_2023-1', 'PH1013', 6.80, 5.20, NULL, 7.20, 6.50, 2.50, 'C+', 1, 1, '2025-12-07 21:27:10'),
('g_enr_2400007_CH1004_L01_2023-2', '2400007', 'CH1004_L01_2023-2', 'CH1004', 9.20, 9.80, NULL, 8.70, 9.10, 4.00, 'A', 1, 1, '2025-12-07 21:27:10'),
('g_enr_2400007_CO1001_L01_2023-2', '2400007', 'CO1001_L01_2023-2', 'CO1001', 9.30, 6.50, NULL, 6.10, 6.90, 2.50, 'C+', 1, 1, '2025-12-07 21:27:10'),
('g_enr_2400007_CO1006_L01_2023-1', '2400007', 'CO1006_L01_2023-1', 'CO1006', 8.80, 9.50, NULL, 9.30, 9.30, 4.00, 'A', 1, 1, '2025-12-07 21:27:10'),
('g_enr_2400007_CO1018_L01_2023-1', '2400007', 'CO1018_L01_2023-1', 'CO1018', 6.70, 7.80, NULL, 7.00, 7.20, 3.00, 'B', 1, 1, '2025-12-07 21:27:10'),
('g_enr_2400007_CS1009_L01_2022-2', '2400007', 'CS1009_L01_2022-2', 'CS1009', 6.60, 5.20, NULL, 9.90, 7.80, 3.00, 'B', 1, 1, '2025-12-07 21:27:10'),
('g_enr_2400007_CS1016_L01_2022-2', '2400007', 'CS1016_L01_2022-2', 'CS1016', 7.50, 7.00, NULL, 5.70, 6.50, 2.50, 'C+', 1, 1, '2025-12-07 21:27:10'),
('g_enr_2400007_CS1020_L01_2023-1', '2400007', 'CS1020_L01_2023-1', 'CS1020', 8.50, 5.50, NULL, 9.80, 8.20, 3.50, 'B+', 1, 1, '2025-12-07 21:27:10'),
('g_enr_2400007_EE1010_L01_2023-2', '2400007', 'EE1010_L01_2023-2', 'EE1010', 9.50, 8.90, NULL, 6.10, 7.60, 3.00, 'B', 1, 1, '2025-12-07 21:27:10'),
('g_enr_2400007_EE1017_L01_2022-2', '2400007', 'EE1017_L01_2022-2', 'EE1017', 8.60, 6.40, NULL, 8.30, 7.80, 3.00, 'B', 1, 1, '2025-12-07 21:27:10'),
('g_enr_2400007_EN1005_L01_2023-1', '2400007', 'EN1005_L01_2023-1', 'EN1005', 8.40, 8.80, NULL, 7.30, 8.00, 3.50, 'B+', 1, 1, '2025-12-07 21:27:10'),
('g_enr_2400007_EN1015_L01_2022-2', '2400007', 'EN1015_L01_2022-2', 'EN1015', 8.70, 6.90, NULL, 8.70, 8.20, 3.50, 'B+', 1, 1, '2025-12-07 21:27:10'),
('g_enr_2400007_MA1003_L01_2024-1', '2400007', 'MA1003_L01_2024-1', 'MA1003', 9.20, NULL, NULL, NULL, NULL, NULL, NULL, 0, 0, '2025-12-07 21:27:10'),
('g_enr_2400007_MA1008_L01_2023-1', '2400007', 'MA1008_L01_2023-1', 'MA1008', 7.80, 8.40, NULL, 7.60, 7.90, 3.00, 'B', 1, 1, '2025-12-07 21:27:10'),
('g_enr_2400007_MA1019_L01_2022-2', '2400007', 'MA1019_L01_2022-2', 'MA1019', 9.10, 8.00, NULL, 6.60, 7.50, 3.00, 'B', 1, 1, '2025-12-07 21:27:10'),
('g_enr_2400007_PH1002_L01_2023-2', '2400007', 'PH1002_L01_2023-2', 'PH1002', 9.50, 7.90, NULL, 8.60, 8.60, 4.00, 'A', 1, 1, '2025-12-07 21:27:10'),
('g_enr_2400007_PH1007_L01_2024-1', '2400007', 'PH1007_L01_2024-1', 'PH1007', 8.80, NULL, NULL, NULL, NULL, NULL, NULL, 0, 0, '2025-12-07 21:27:10'),
('g_enr_2400007_PH1013_L01_2023-2', '2400007', 'PH1013_L01_2023-2', 'PH1013', 6.90, 6.60, NULL, 9.00, 7.90, 3.00, 'B', 1, 1, '2025-12-07 21:27:10'),
('g_enr_2400008_CH1004_L01_2024-1', '2400008', 'CH1004_L01_2024-1', 'CH1004', 7.60, NULL, NULL, NULL, NULL, NULL, NULL, 0, 0, '2025-12-07 21:27:10'),
('g_enr_2400008_CH1014_L01_2023-2', '2400008', 'CH1014_L01_2023-2', 'CH1014', 9.10, 7.60, NULL, 8.10, 8.10, 3.50, 'B+', 1, 1, '2025-12-07 21:27:10'),
('g_enr_2400008_CO1001_L01_2022-2', '2400008', 'CO1001_L01_2022-2', 'CO1001', 9.60, 8.70, NULL, 7.40, 8.20, 3.50, 'B+', 1, 1, '2025-12-07 21:27:10'),
('g_enr_2400008_CO1006_L01_2023-1', '2400008', 'CO1006_L01_2023-1', 'CO1006', 8.20, 7.10, NULL, 6.00, 6.80, 2.50, 'C+', 1, 1, '2025-12-07 21:27:10'),
('g_enr_2400008_CO1011_L01_2023-1', '2400008', 'CO1011_L01_2023-1', 'CO1011', 7.50, 5.00, NULL, 6.80, 6.40, 2.00, 'C', 1, 1, '2025-12-07 21:27:10'),
('g_enr_2400008_CS1009_L01_2022-2', '2400008', 'CS1009_L01_2022-2', 'CS1009', 8.80, 9.30, NULL, 8.80, 9.00, 4.00, 'A', 1, 1, '2025-12-07 21:27:10'),
('g_enr_2400008_CS1016_L01_2023-2', '2400008', 'CS1016_L01_2023-2', 'CS1016', 6.60, 6.20, NULL, 8.50, 7.40, 3.00, 'B', 1, 1, '2025-12-07 21:27:10'),
('g_enr_2400008_CS1020_L01_2023-2', '2400008', 'CS1020_L01_2023-2', 'CS1020', 9.00, 9.30, NULL, 9.80, 9.50, 4.00, 'A', 1, 1, '2025-12-07 21:27:10'),
('g_enr_2400008_EE1010_L01_2023-2', '2400008', 'EE1010_L01_2023-2', 'EE1010', 7.70, 9.50, NULL, 7.90, 8.30, 3.50, 'B+', 1, 1, '2025-12-07 21:27:10'),
('g_enr_2400008_EE1017_L01_2023-2', '2400008', 'EE1017_L01_2023-2', 'EE1017', 7.70, 5.10, NULL, 6.70, 6.40, 2.00, 'C', 1, 1, '2025-12-07 21:27:10'),
('g_enr_2400008_EN1005_L01_2023-1', '2400008', 'EN1005_L01_2023-1', 'EN1005', 7.10, 6.60, NULL, 7.70, 7.20, 3.00, 'B', 1, 1, '2025-12-07 21:27:10'),
('g_enr_2400008_MA1003_L01_2023-1', '2400008', 'MA1003_L01_2023-1', 'MA1003', 8.40, 6.10, NULL, 6.10, 6.60, 2.50, 'C+', 1, 1, '2025-12-07 21:27:10'),
('g_enr_2400008_MA1012_L01_2022-2', '2400008', 'MA1012_L01_2022-2', 'MA1012', 7.10, 5.40, NULL, 6.40, 6.20, 2.00, 'C', 1, 1, '2025-12-07 21:27:10'),
('g_enr_2400008_MA1019_L01_2023-1', '2400008', 'MA1019_L01_2023-1', 'MA1019', 7.00, 6.20, NULL, 8.20, 7.40, 3.00, 'B', 1, 1, '2025-12-07 21:27:10'),
('g_enr_2400008_PH1002_L01_2024-1', '2400008', 'PH1002_L01_2024-1', 'PH1002', 8.70, NULL, NULL, NULL, NULL, NULL, NULL, 0, 0, '2025-12-07 21:27:10'),
('g_enr_2400008_PH1007_L01_2022-2', '2400008', 'PH1007_L01_2022-2', 'PH1007', 8.80, 5.30, NULL, 7.00, 6.80, 2.50, 'C+', 1, 1, '2025-12-07 21:27:10'),
('g_enr_2400008_PH1013_L01_2022-2', '2400008', 'PH1013_L01_2022-2', 'PH1013', 7.70, 8.70, NULL, 7.70, 8.00, 3.50, 'B+', 1, 1, '2025-12-07 21:27:10'),
('g_enr_2400009_CH1004_L01_2022-2', '2400009', 'CH1004_L01_2022-2', 'CH1004', 6.20, 9.80, NULL, 6.10, 7.20, 3.00, 'B', 1, 0, '2025-12-07 21:29:08'),
('g_enr_2400009_CH1014_L01_2023-2', '2400009', 'CH1014_L01_2023-2', 'CH1014', 9.30, 7.40, NULL, 8.70, 8.40, 3.50, 'B+', 1, 1, '2025-12-07 21:27:10'),
('g_enr_2400009_CO1001_L01_2024-1', '2400009', 'CO1001_L01_2024-1', 'CO1001', 9.20, NULL, NULL, NULL, NULL, NULL, NULL, 0, 0, '2025-12-07 21:27:10'),
('g_enr_2400009_CO1011_L01_2022-2', '2400009', 'CO1011_L01_2022-2', 'CO1011', 7.50, 9.70, NULL, 6.00, 7.40, 3.00, 'B', 1, 1, '2025-12-07 21:27:10'),
('g_enr_2400009_CO1018_L01_2022-2', '2400009', 'CO1018_L01_2022-2', 'CO1018', 7.80, 6.70, NULL, 9.40, 8.30, 3.50, 'B+', 1, 1, '2025-12-07 21:27:10'),
('g_enr_2400009_CS1009_L01_2023-1', '2400009', 'CS1009_L01_2023-1', 'CS1009', 6.30, 9.80, NULL, 5.20, 6.80, 2.50, 'C+', 1, 1, '2025-12-07 21:27:10'),
('g_enr_2400009_CS1016_L01_2022-2', '2400009', 'CS1016_L01_2022-2', 'CS1016', 8.50, 6.20, NULL, 7.40, 7.30, 3.00, 'B', 1, 1, '2025-12-07 21:27:10'),
('g_enr_2400009_CS1020_L01_2023-1', '2400009', 'CS1020_L01_2023-1', 'CS1020', 7.10, 9.80, NULL, 7.10, 7.90, 3.00, 'B', 1, 1, '2025-12-07 21:27:10'),
('g_enr_2400009_EE1010_L01_2023-2', '2400009', 'EE1010_L01_2023-2', 'EE1010', 8.80, 6.50, NULL, 8.40, 7.90, 3.00, 'B', 1, 1, '2025-12-07 21:27:10'),
('g_enr_2400009_EE1017_L01_2023-2', '2400009', 'EE1017_L01_2023-2', 'EE1017', 9.70, 7.90, NULL, 9.50, 9.10, 4.00, 'A', 1, 1, '2025-12-07 21:27:10'),
('g_enr_2400009_EN1005_L01_2024-1', '2400009', 'EN1005_L01_2024-1', 'EN1005', 9.20, NULL, NULL, NULL, NULL, NULL, NULL, 0, 0, '2025-12-07 21:27:10'),
('g_enr_2400009_MA1003_L01_2023-2', '2400009', 'MA1003_L01_2023-2', 'MA1003', 7.00, 6.80, NULL, 8.00, 7.40, 3.00, 'B', 1, 1, '2025-12-07 21:27:10'),
('g_enr_2400009_MA1008_L01_2023-1', '2400009', 'MA1008_L01_2023-1', 'MA1008', 6.50, 9.70, NULL, 7.30, 7.90, 3.00, 'B', 1, 1, '2025-12-07 21:27:10'),
('g_enr_2400009_MA1012_L01_2023-2', '2400009', 'MA1012_L01_2023-2', 'MA1012', 6.10, 6.20, NULL, 9.20, 7.70, 3.00, 'B', 1, 1, '2025-12-07 21:27:10'),
('g_enr_2400009_MA1019_L01_2023-1', '2400009', 'MA1019_L01_2023-1', 'MA1019', 8.40, 9.20, NULL, 6.20, 7.50, 3.00, 'B', 1, 1, '2025-12-07 21:27:10'),
('g_enr_2400009_PH1002_L01_2023-1', '2400009', 'PH1002_L01_2023-1', 'PH1002', 6.70, 6.60, NULL, 7.90, 7.30, 3.00, 'B', 1, 1, '2025-12-07 21:27:10'),
('g_enr_2400009_PH1007_L01_2022-2', '2400009', 'PH1007_L01_2022-2', 'PH1007', 9.90, 8.60, NULL, 8.90, 9.00, 4.00, 'A', 1, 1, '2025-12-07 21:27:10'),
('g_enr_2400010_CH1004_L01_2022-2', '2400010', 'CH1004_L01_2022-2', 'CH1004', 9.40, 5.90, NULL, 6.10, 6.70, 2.50, 'C+', 1, 0, '2025-12-07 21:29:08'),
('g_enr_2400010_CO1001_L01_2023-1', '2400010', 'CO1001_L01_2023-1', 'CO1001', 8.00, 8.80, NULL, 8.50, 8.50, 4.00, 'A', 1, 1, '2025-12-07 21:27:10'),
('g_enr_2400010_CO1006_L01_2023-2', '2400010', 'CO1006_L01_2023-2', 'CO1006', 8.60, 7.50, NULL, 9.00, 8.50, 4.00, 'A', 1, 1, '2025-12-07 21:27:10'),
('g_enr_2400010_CO1011_L01_2022-2', '2400010', 'CO1011_L01_2022-2', 'CO1011', 6.40, 6.10, NULL, 8.50, 7.40, 3.00, 'B', 1, 1, '2025-12-07 21:27:10'),
('g_enr_2400010_CS1009_L01_2023-1', '2400010', 'CS1009_L01_2023-1', 'CS1009', 7.20, 7.90, NULL, 7.40, 7.50, 3.00, 'B', 1, 1, '2025-12-07 21:27:10'),
('g_enr_2400010_CS1016_L01_2022-2', '2400010', 'CS1016_L01_2022-2', 'CS1016', 8.90, 9.80, NULL, 6.40, 7.90, 3.00, 'B', 1, 1, '2025-12-07 21:27:10'),
('g_enr_2400010_CS1020_L01_2023-2', '2400010', 'CS1020_L01_2023-2', 'CS1020', 8.10, 7.10, NULL, 8.70, 8.10, 3.50, 'B+', 1, 1, '2025-12-07 21:27:10'),
('g_enr_2400010_EE1010_L01_2023-1', '2400010', 'EE1010_L01_2023-1', 'EE1010', 9.50, 6.20, NULL, 7.30, 7.40, 3.00, 'B', 1, 1, '2025-12-07 21:27:10'),
('g_enr_2400010_EE1017_L01_2022-2', '2400010', 'EE1017_L01_2022-2', 'EE1017', 9.40, 9.20, NULL, 5.40, 7.30, 3.00, 'B', 1, 1, '2025-12-07 21:27:10'),
('g_enr_2400010_EN1005_L01_2023-2', '2400010', 'EN1005_L01_2023-2', 'EN1005', 7.70, 8.70, NULL, 6.30, 7.30, 3.00, 'B', 1, 1, '2025-12-07 21:27:10'),
('g_enr_2400010_EN1015_L01_2023-1', '2400010', 'EN1015_L01_2023-1', 'EN1015', 9.20, 6.70, NULL, 9.40, 8.60, 4.00, 'A', 1, 1, '2025-12-07 21:27:10'),
('g_enr_2400010_MA1003_L01_2023-2', '2400010', 'MA1003_L01_2023-2', 'MA1003', 8.40, 6.90, NULL, 5.10, 6.30, 2.00, 'C', 1, 1, '2025-12-07 21:27:10'),
('g_enr_2400010_MA1008_L01_2023-2', '2400010', 'MA1008_L01_2023-2', 'MA1008', 8.80, 6.40, NULL, 5.10, 6.20, 2.00, 'C', 1, 1, '2025-12-07 21:27:10'),
('g_enr_2400010_MA1012_L01_2024-1', '2400010', 'MA1012_L01_2024-1', 'MA1012', 8.80, NULL, NULL, NULL, NULL, NULL, NULL, 0, 0, '2025-12-07 21:27:10'),
('g_enr_2400010_PH1002_L01_2024-1', '2400010', 'PH1002_L01_2024-1', 'PH1002', 7.30, NULL, NULL, NULL, NULL, NULL, NULL, 0, 0, '2025-12-07 21:27:10'),
('g_enr_2400010_PH1007_L01_2022-2', '2400010', 'PH1007_L01_2022-2', 'PH1007', 9.80, 5.40, NULL, 8.60, 7.90, 3.00, 'B', 1, 1, '2025-12-07 21:27:10'),
('g_enr_2400010_PH1013_L01_2023-1', '2400010', 'PH1013_L01_2023-1', 'PH1013', 9.20, 7.70, NULL, 7.40, 7.90, 3.00, 'B', 1, 1, '2025-12-07 21:27:10'),
('g_enr_2400011_CH1004_L01_2024-1', '2400011', 'CH1004_L01_2024-1', 'CH1004', 7.10, NULL, NULL, NULL, NULL, NULL, NULL, 0, 0, '2025-12-07 21:27:10'),
('g_enr_2400011_CH1014_L01_2023-2', '2400011', 'CH1014_L01_2023-2', 'CH1014', 6.60, 9.10, NULL, 9.70, 8.90, 4.00, 'A', 1, 1, '2025-12-07 21:27:10'),
('g_enr_2400011_CO1001_L01_2023-2', '2400011', 'CO1001_L01_2023-2', 'CO1001', 6.20, 6.50, NULL, 9.70, 8.00, 3.50, 'B+', 1, 1, '2025-12-07 21:27:10'),
('g_enr_2400011_CO1006_L01_2022-2', '2400011', 'CO1006_L01_2022-2', 'CO1006', 7.20, 7.90, NULL, 7.10, 7.40, 3.00, 'B', 1, 1, '2025-12-07 21:27:10'),
('g_enr_2400011_CO1011_L01_2023-1', '2400011', 'CO1011_L01_2023-1', 'CO1011', 8.00, 7.90, NULL, 8.40, 8.20, 3.50, 'B+', 1, 1, '2025-12-07 21:27:10'),
('g_enr_2400011_CO1018_L01_2023-1', '2400011', 'CO1018_L01_2023-1', 'CO1018', 7.70, 8.00, NULL, 8.10, 8.00, 3.50, 'B+', 1, 1, '2025-12-07 21:27:10'),
('g_enr_2400011_CS1016_L01_2023-1', '2400011', 'CS1016_L01_2023-1', 'CS1016', 8.30, 5.30, NULL, 9.80, 8.20, 3.50, 'B+', 1, 1, '2025-12-07 21:27:10'),
('g_enr_2400011_EE1017_L01_2023-2', '2400011', 'EE1017_L01_2023-2', 'EE1017', 7.40, 9.80, NULL, 6.30, 7.60, 3.00, 'B', 1, 1, '2025-12-07 21:27:10'),
('g_enr_2400011_EN1005_L01_2022-2', '2400011', 'EN1005_L01_2022-2', 'EN1005', 8.60, 8.80, NULL, 5.50, 7.10, 3.00, 'B', 1, 1, '2025-12-07 21:27:10'),
('g_enr_2400011_EN1015_L01_2022-2', '2400011', 'EN1015_L01_2022-2', 'EN1015', 7.20, 6.80, NULL, 6.50, 6.70, 2.50, 'C+', 1, 1, '2025-12-07 21:27:10'),
('g_enr_2400011_MA1003_L01_2022-2', '2400011', 'MA1003_L01_2022-2', 'MA1003', 6.30, 6.20, NULL, 7.80, 7.00, 3.00, 'B', 1, 1, '2025-12-07 21:27:10'),
('g_enr_2400011_MA1008_L01_2024-1', '2400011', 'MA1008_L01_2024-1', 'MA1008', 6.30, NULL, NULL, NULL, NULL, NULL, NULL, 0, 0, '2025-12-07 21:27:10'),
('g_enr_2400011_MA1012_L01_2023-2', '2400011', 'MA1012_L01_2023-2', 'MA1012', 6.40, 8.80, NULL, 8.10, 8.00, 3.50, 'B+', 1, 1, '2025-12-07 21:27:10'),
('g_enr_2400011_MA1019_L01_2023-1', '2400011', 'MA1019_L01_2023-1', 'MA1019', 6.00, 6.40, NULL, 7.40, 6.80, 2.50, 'C+', 1, 1, '2025-12-07 21:27:10'),
('g_enr_2400011_PH1002_L01_2023-2', '2400011', 'PH1002_L01_2023-2', 'PH1002', 9.10, 6.90, NULL, 9.50, 8.60, 4.00, 'A', 1, 1, '2025-12-07 21:27:10'),
('g_enr_2400011_PH1007_L01_2023-1', '2400011', 'PH1007_L01_2023-1', 'PH1007', 8.80, 5.60, NULL, 5.20, 6.00, 2.00, 'C', 1, 1, '2025-12-07 21:27:10'),
('g_enr_2400011_PH1013_L01_2022-2', '2400011', 'PH1013_L01_2022-2', 'PH1013', 9.40, 5.60, NULL, 5.30, 6.20, 2.00, 'C', 1, 1, '2025-12-07 21:27:10'),
('g_enr_2400012_CH1004_L01_2022-2', '2400012', 'CH1004_L01_2022-2', 'CH1004', 9.30, 5.40, NULL, 5.80, 6.40, 2.00, 'C', 1, 0, '2025-12-07 21:29:08'),
('g_enr_2400012_CH1014_L01_2022-2', '2400012', 'CH1014_L01_2022-2', 'CH1014', 9.70, 8.90, NULL, 8.10, 8.70, 4.00, 'A', 1, 1, '2025-12-07 21:27:10'),
('g_enr_2400012_CO1001_L01_2023-2', '2400012', 'CO1001_L01_2023-2', 'CO1001', 8.50, 7.50, NULL, 5.50, 6.70, 2.50, 'C+', 1, 1, '2025-12-07 21:27:10'),
('g_enr_2400012_CO1006_L01_2024-1', '2400012', 'CO1006_L01_2024-1', 'CO1006', 7.30, NULL, NULL, NULL, NULL, NULL, NULL, 0, 0, '2025-12-07 21:27:10'),
('g_enr_2400012_CO1011_L01_2023-2', '2400012', 'CO1011_L01_2023-2', 'CO1011', 8.20, 8.20, NULL, 9.50, 8.80, 4.00, 'A', 1, 1, '2025-12-07 21:27:10'),
('g_enr_2400012_CS1009_L01_2023-1', '2400012', 'CS1009_L01_2023-1', 'CS1009', 8.60, 9.70, NULL, 7.10, 8.20, 3.50, 'B+', 1, 1, '2025-12-07 21:27:10'),
('g_enr_2400012_CS1016_L01_2023-1', '2400012', 'CS1016_L01_2023-1', 'CS1016', 7.20, 8.70, NULL, 7.80, 7.90, 3.00, 'B', 1, 1, '2025-12-07 21:27:10'),
('g_enr_2400012_CS1020_L01_2022-2', '2400012', 'CS1020_L01_2022-2', 'CS1020', 9.00, 7.40, NULL, 8.30, 8.20, 3.50, 'B+', 1, 1, '2025-12-07 21:27:10'),
('g_enr_2400012_EE1010_L01_2023-1', '2400012', 'EE1010_L01_2023-1', 'EE1010', 8.30, 9.80, NULL, 10.00, 9.60, 4.00, 'A', 1, 1, '2025-12-07 21:27:10'),
('g_enr_2400012_EE1017_L01_2023-2', '2400012', 'EE1017_L01_2023-2', 'EE1017', 7.20, 5.60, NULL, 8.40, 7.30, 3.00, 'B', 1, 1, '2025-12-07 21:27:10'),
('g_enr_2400012_EN1005_L01_2023-2', '2400012', 'EN1005_L01_2023-2', 'EN1005', 7.70, 6.60, NULL, 6.30, 6.70, 2.50, 'C+', 1, 1, '2025-12-07 21:27:10'),
('g_enr_2400012_EN1015_L01_2023-1', '2400012', 'EN1015_L01_2023-1', 'EN1015', 8.00, 5.40, NULL, 5.20, 5.80, 2.00, 'C', 1, 1, '2025-12-07 21:27:10'),
('g_enr_2400012_MA1003_L01_2024-1', '2400012', 'MA1003_L01_2024-1', 'MA1003', 7.40, NULL, NULL, NULL, NULL, NULL, NULL, 0, 0, '2025-12-07 21:27:10'),
('g_enr_2400012_MA1012_L01_2023-2', '2400012', 'MA1012_L01_2023-2', 'MA1012', 8.70, 6.30, NULL, 5.20, 6.20, 2.00, 'C', 1, 1, '2025-12-07 21:27:10'),
('g_enr_2400012_PH1002_L01_2022-2', '2400012', 'PH1002_L01_2022-2', 'PH1002', 8.80, 9.70, NULL, 7.50, 8.40, 3.50, 'B+', 1, 1, '2025-12-07 21:27:10'),
('g_enr_2400012_PH1007_L01_2023-1', '2400012', 'PH1007_L01_2023-1', 'PH1007', 9.70, 5.90, NULL, 7.90, 7.70, 3.00, 'B', 1, 1, '2025-12-07 21:27:10'),
('g_enr_2400012_PH1013_L01_2022-2', '2400012', 'PH1013_L01_2022-2', 'PH1013', 6.40, 9.80, NULL, 9.20, 8.80, 4.00, 'A', 1, 1, '2025-12-07 21:27:10'),
('g_enr_2400013_CH1004_L01_2024-1', '2400013', 'CH1004_L01_2024-1', 'CH1004', 7.10, NULL, NULL, NULL, NULL, NULL, NULL, 0, 0, '2025-12-07 21:27:10'),
('g_enr_2400013_CO1001_L01_2023-1', '2400013', 'CO1001_L01_2023-1', 'CO1001', 9.30, 9.90, NULL, 6.20, 7.90, 3.00, 'B', 1, 1, '2025-12-07 21:27:10'),
('g_enr_2400013_CO1006_L01_2024-1', '2400013', 'CO1006_L01_2024-1', 'CO1006', 7.20, NULL, NULL, NULL, NULL, NULL, NULL, 0, 0, '2025-12-07 21:27:10'),
('g_enr_2400013_CO1018_L01_2023-1', '2400013', 'CO1018_L01_2023-1', 'CO1018', 7.10, 9.00, NULL, 7.10, 7.70, 3.00, 'B', 1, 1, '2025-12-07 21:27:10'),
('g_enr_2400013_CS1009_L01_2023-2', '2400013', 'CS1009_L01_2023-2', 'CS1009', 8.20, 6.90, NULL, 9.60, 8.50, 4.00, 'A', 1, 1, '2025-12-07 21:27:10'),
('g_enr_2400013_CS1020_L01_2022-2', '2400013', 'CS1020_L01_2022-2', 'CS1020', 8.20, 9.60, NULL, 7.20, 8.10, 3.50, 'B+', 1, 1, '2025-12-07 21:27:10'),
('g_enr_2400013_EE1010_L01_2023-2', '2400013', 'EE1010_L01_2023-2', 'EE1010', 8.50, 8.80, NULL, 6.00, 7.30, 3.00, 'B', 1, 1, '2025-12-07 21:27:10'),
('g_enr_2400013_EE1017_L01_2023-1', '2400013', 'EE1017_L01_2023-1', 'EE1017', 8.80, 5.60, NULL, 9.90, 8.40, 3.50, 'B+', 1, 1, '2025-12-07 21:27:10'),
('g_enr_2400013_EN1005_L01_2023-2', '2400013', 'EN1005_L01_2023-2', 'EN1005', 9.70, 7.50, NULL, 9.10, 8.70, 4.00, 'A', 1, 1, '2025-12-07 21:27:10'),
('g_enr_2400013_EN1015_L01_2023-1', '2400013', 'EN1015_L01_2023-1', 'EN1015', 6.80, 6.80, NULL, 8.80, 7.80, 3.00, 'B', 1, 1, '2025-12-07 21:27:10'),
('g_enr_2400013_MA1003_L01_2022-2', '2400013', 'MA1003_L01_2022-2', 'MA1003', 8.20, 7.80, NULL, 5.50, 6.70, 2.50, 'C+', 1, 1, '2025-12-07 21:27:10'),
('g_enr_2400013_MA1008_L01_2022-2', '2400013', 'MA1008_L01_2022-2', 'MA1008', 8.90, 7.50, NULL, 6.40, 7.20, 3.00, 'B', 1, 1, '2025-12-07 21:27:10'),
('g_enr_2400013_MA1012_L01_2022-2', '2400013', 'MA1012_L01_2022-2', 'MA1012', 8.60, 7.70, NULL, 7.10, 7.60, 3.00, 'B', 1, 1, '2025-12-07 21:27:10'),
('g_enr_2400013_MA1019_L01_2023-1', '2400013', 'MA1019_L01_2023-1', 'MA1019', 10.00, 9.60, NULL, 7.30, 8.50, 4.00, 'A', 1, 1, '2025-12-07 21:27:10'),
('g_enr_2400013_PH1002_L01_2023-2', '2400013', 'PH1002_L01_2023-2', 'PH1002', 6.50, 9.20, NULL, 7.50, 7.80, 3.00, 'B', 1, 1, '2025-12-07 21:27:10'),
('g_enr_2400013_PH1007_L01_2022-2', '2400013', 'PH1007_L01_2022-2', 'PH1007', 8.00, 9.40, NULL, 9.30, 9.10, 4.00, 'A', 1, 1, '2025-12-07 21:27:10'),
('g_enr_2400013_PH1013_L01_2023-2', '2400013', 'PH1013_L01_2023-2', 'PH1013', 8.40, 6.20, NULL, 5.80, 6.40, 2.00, 'C', 1, 1, '2025-12-07 21:27:10'),
('g_enr_2400014_CH1004_L01_2022-2', '2400014', 'CH1004_L01_2022-2', 'CH1004', 6.10, 7.50, NULL, 8.00, 7.50, 3.00, 'B', 1, 0, '2025-12-07 21:29:08'),
('g_enr_2400014_CH1014_L01_2023-1', '2400014', 'CH1014_L01_2023-1', 'CH1014', 7.90, 9.80, NULL, 6.70, 7.90, 3.00, 'B', 1, 1, '2025-12-07 21:27:10'),
('g_enr_2400014_CO1001_L01_2023-2', '2400014', 'CO1001_L01_2023-2', 'CO1001', 9.30, 9.90, NULL, 7.50, 8.60, 4.00, 'A', 1, 1, '2025-12-07 21:27:10'),
('g_enr_2400014_CO1006_L01_2022-2', '2400014', 'CO1006_L01_2022-2', 'CO1006', 8.50, 9.60, NULL, 10.00, 9.60, 4.00, 'A', 1, 1, '2025-12-07 21:27:10'),
('g_enr_2400014_CO1011_L01_2022-2', '2400014', 'CO1011_L01_2022-2', 'CO1011', 9.40, 9.30, NULL, 6.90, 8.10, 3.50, 'B+', 1, 1, '2025-12-07 21:27:10'),
('g_enr_2400014_CO1018_L01_2023-1', '2400014', 'CO1018_L01_2023-1', 'CO1018', 7.30, 8.60, NULL, 8.80, 8.40, 3.50, 'B+', 1, 1, '2025-12-07 21:27:10'),
('g_enr_2400014_CS1009_L01_2023-2', '2400014', 'CS1009_L01_2023-2', 'CS1009', 8.50, 9.40, NULL, 7.20, 8.10, 3.50, 'B+', 1, 1, '2025-12-07 21:27:10'),
('g_enr_2400014_EE1010_L01_2022-2', '2400014', 'EE1010_L01_2022-2', 'EE1010', 6.20, 8.70, NULL, 8.50, 8.10, 3.50, 'B+', 1, 1, '2025-12-07 21:27:10'),
('g_enr_2400014_EE1017_L01_2023-1', '2400014', 'EE1017_L01_2023-1', 'EE1017', 9.20, 6.90, NULL, 8.30, 8.10, 3.50, 'B+', 1, 1, '2025-12-07 21:27:10'),
('g_enr_2400014_EN1005_L01_2024-1', '2400014', 'EN1005_L01_2024-1', 'EN1005', 8.80, NULL, NULL, NULL, NULL, NULL, NULL, 0, 0, '2025-12-07 21:27:10'),
('g_enr_2400014_EN1015_L01_2024-1', '2400014', 'EN1015_L01_2024-1', 'EN1015', 9.60, NULL, NULL, NULL, NULL, NULL, NULL, 0, 0, '2025-12-07 21:27:10'),
('g_enr_2400014_MA1003_L01_2022-2', '2400014', 'MA1003_L01_2022-2', 'MA1003', 7.60, 8.30, NULL, 5.80, 6.90, 2.50, 'C+', 1, 1, '2025-12-07 21:27:10'),
('g_enr_2400014_MA1008_L01_2023-1', '2400014', 'MA1008_L01_2023-1', 'MA1008', 9.00, 7.20, NULL, 5.50, 6.70, 2.50, 'C+', 1, 1, '2025-12-07 21:27:10'),
('g_enr_2400014_MA1012_L01_2023-1', '2400014', 'MA1012_L01_2023-1', 'MA1012', 9.50, 9.40, NULL, 7.20, 8.30, 3.50, 'B+', 1, 1, '2025-12-07 21:27:10'),
('g_enr_2400014_PH1002_L01_2023-2', '2400014', 'PH1002_L01_2023-2', 'PH1002', 8.10, 7.30, NULL, 8.60, 8.10, 3.50, 'B+', 1, 1, '2025-12-07 21:27:10'),
('g_enr_2400014_PH1007_L01_2023-2', '2400014', 'PH1007_L01_2023-2', 'PH1007', 8.80, 8.20, NULL, 9.30, 8.90, 4.00, 'A', 1, 1, '2025-12-07 21:27:10'),
('g_enr_2400014_PH1013_L01_2023-2', '2400014', 'PH1013_L01_2023-2', 'PH1013', 9.50, 5.20, NULL, 5.30, 6.10, 2.00, 'C', 1, 1, '2025-12-07 21:27:10'),
('g_enr_2400015_CH1004_L01_2023-2', '2400015', 'CH1004_L01_2023-2', 'CH1004', 9.00, 9.20, NULL, 9.50, 9.30, 4.00, 'A', 1, 1, '2025-12-07 21:27:10'),
('g_enr_2400015_CH1014_L01_2022-2', '2400015', 'CH1014_L01_2022-2', 'CH1014', 7.60, 5.00, NULL, 9.30, 7.70, 3.00, 'B', 1, 1, '2025-12-07 21:27:10'),
('g_enr_2400015_CO1001_L01_2023-2', '2400015', 'CO1001_L01_2023-2', 'CO1001', 8.80, 7.30, NULL, 6.50, 7.20, 3.00, 'B', 1, 1, '2025-12-07 21:27:10'),
('g_enr_2400015_CO1006_L01_2023-2', '2400015', 'CO1006_L01_2023-2', 'CO1006', 9.00, 8.80, NULL, 8.40, 8.60, 4.00, 'A', 1, 1, '2025-12-07 21:27:10'),
('g_enr_2400015_CO1018_L01_2022-2', '2400015', 'CO1018_L01_2022-2', 'CO1018', 10.00, 9.30, NULL, 5.50, 7.50, 3.00, 'B', 1, 1, '2025-12-07 21:27:10'),
('g_enr_2400015_CS1009_L01_2023-1', '2400015', 'CS1009_L01_2023-1', 'CS1009', 9.10, 9.90, NULL, 9.60, 9.60, 4.00, 'A', 1, 1, '2025-12-07 21:27:10'),
('g_enr_2400015_CS1016_L01_2022-2', '2400015', 'CS1016_L01_2022-2', 'CS1016', 8.20, 5.40, NULL, 9.70, 8.10, 3.50, 'B+', 1, 1, '2025-12-07 21:27:10'),
('g_enr_2400015_EE1010_L01_2024-1', '2400015', 'EE1010_L01_2024-1', 'EE1010', 6.40, NULL, NULL, NULL, NULL, NULL, NULL, 0, 0, '2025-12-07 21:27:10'),
('g_enr_2400015_EE1017_L01_2022-2', '2400015', 'EE1017_L01_2022-2', 'EE1017', 8.00, 7.90, NULL, 6.20, 7.10, 3.00, 'B', 1, 1, '2025-12-07 21:27:10'),
('g_enr_2400015_EN1005_L01_2023-1', '2400015', 'EN1005_L01_2023-1', 'EN1005', 10.00, 6.50, NULL, 9.80, 8.90, 4.00, 'A', 1, 1, '2025-12-07 21:27:10'),
('g_enr_2400015_EN1015_L01_2023-1', '2400015', 'EN1015_L01_2023-1', 'EN1015', 8.60, 7.30, NULL, 8.30, 8.10, 3.50, 'B+', 1, 1, '2025-12-07 21:27:10'),
('g_enr_2400015_MA1003_L01_2022-2', '2400015', 'MA1003_L01_2022-2', 'MA1003', 9.10, 6.20, NULL, 9.00, 8.20, 3.50, 'B+', 1, 1, '2025-12-07 21:27:10'),
('g_enr_2400015_MA1008_L01_2023-2', '2400015', 'MA1008_L01_2023-2', 'MA1008', 9.60, 7.30, NULL, 6.40, 7.30, 3.00, 'B', 1, 1, '2025-12-07 21:27:10'),
('g_enr_2400015_MA1019_L01_2023-1', '2400015', 'MA1019_L01_2023-1', 'MA1019', 7.50, 6.80, NULL, 6.50, 6.80, 2.50, 'C+', 1, 1, '2025-12-07 21:27:10'),
('g_enr_2400015_PH1002_L01_2024-1', '2400015', 'PH1002_L01_2024-1', 'PH1002', 6.50, NULL, NULL, NULL, NULL, NULL, NULL, 0, 0, '2025-12-07 21:27:10'),
('g_enr_2400015_PH1007_L01_2023-1', '2400015', 'PH1007_L01_2023-1', 'PH1007', 6.90, 6.00, NULL, 6.30, 6.30, 2.00, 'C', 1, 1, '2025-12-07 21:27:10'),
('g_enr_2400015_PH1013_L01_2023-2', '2400015', 'PH1013_L01_2023-2', 'PH1013', 8.80, 5.10, NULL, 9.20, 7.90, 3.00, 'B', 1, 1, '2025-12-07 21:27:10'),
('g_enr_2400016_CH1004_L01_2023-1', '2400016', 'CH1004_L01_2023-1', 'CH1004', 7.00, 6.90, NULL, 8.20, 7.60, 3.00, 'B', 1, 1, '2025-12-07 21:27:10'),
('g_enr_2400016_CH1014_L01_2023-2', '2400016', 'CH1014_L01_2023-2', 'CH1014', 7.50, 8.40, NULL, 7.40, 7.70, 3.00, 'B', 1, 1, '2025-12-07 21:27:10'),
('g_enr_2400016_CO1001_L01_2023-2', '2400016', 'CO1001_L01_2023-2', 'CO1001', 7.90, 5.40, NULL, 8.80, 7.60, 3.00, 'B', 1, 1, '2025-12-07 21:27:10'),
('g_enr_2400016_CO1006_L01_2023-1', '2400016', 'CO1006_L01_2023-1', 'CO1006', 8.40, 8.20, NULL, 8.20, 8.20, 3.50, 'B+', 1, 1, '2025-12-07 21:27:10'),
('g_enr_2400016_CO1011_L01_2022-2', '2400016', 'CO1011_L01_2022-2', 'CO1011', 6.90, 8.40, NULL, 8.40, 8.10, 3.50, 'B+', 1, 1, '2025-12-07 21:27:10'),
('g_enr_2400016_CO1018_L01_2023-2', '2400016', 'CO1018_L01_2023-2', 'CO1018', 6.40, 7.00, NULL, 6.30, 6.50, 2.50, 'C+', 1, 1, '2025-12-07 21:27:10'),
('g_enr_2400016_CS1009_L01_2023-1', '2400016', 'CS1009_L01_2023-1', 'CS1009', 7.60, 9.20, NULL, 7.80, 8.20, 3.50, 'B+', 1, 1, '2025-12-07 21:27:10'),
('g_enr_2400016_CS1016_L01_2023-2', '2400016', 'CS1016_L01_2023-2', 'CS1016', 8.20, 6.90, NULL, 6.90, 7.20, 3.00, 'B', 1, 1, '2025-12-07 21:27:10'),
('g_enr_2400016_EE1010_L01_2024-1', '2400016', 'EE1010_L01_2024-1', 'EE1010', 8.80, NULL, NULL, NULL, NULL, NULL, NULL, 0, 0, '2025-12-07 21:27:10'),
('g_enr_2400016_EE1017_L01_2022-2', '2400016', 'EE1017_L01_2022-2', 'EE1017', 6.50, 5.20, NULL, 5.20, 5.50, 2.00, 'C', 1, 1, '2025-12-07 21:27:10'),
('g_enr_2400016_EN1005_L01_2023-2', '2400016', 'EN1005_L01_2023-2', 'EN1005', 7.90, 8.50, NULL, 8.20, 8.20, 3.50, 'B+', 1, 1, '2025-12-07 21:27:10'),
('g_enr_2400016_MA1003_L01_2023-1', '2400016', 'MA1003_L01_2023-1', 'MA1003', 10.00, 5.60, NULL, 6.20, 6.80, 2.50, 'C+', 1, 1, '2025-12-07 21:27:10'),
('g_enr_2400016_MA1008_L01_2022-2', '2400016', 'MA1008_L01_2022-2', 'MA1008', 9.70, 9.70, NULL, 9.80, 9.80, 4.00, 'A', 1, 1, '2025-12-07 21:27:10'),
('g_enr_2400016_MA1019_L01_2023-1', '2400016', 'MA1019_L01_2023-1', 'MA1019', 7.20, 9.40, NULL, 9.00, 8.80, 4.00, 'A', 1, 1, '2025-12-07 21:27:10'),
('g_enr_2400016_PH1002_L01_2024-1', '2400016', 'PH1002_L01_2024-1', 'PH1002', 9.80, NULL, NULL, NULL, NULL, NULL, NULL, 0, 0, '2025-12-07 21:27:10'),
('g_enr_2400016_PH1007_L01_2022-2', '2400016', 'PH1007_L01_2022-2', 'PH1007', 8.50, 9.70, NULL, 6.60, 7.90, 3.00, 'B', 1, 1, '2025-12-07 21:27:10'),
('g_enr_2400016_PH1013_L01_2022-2', '2400016', 'PH1013_L01_2022-2', 'PH1013', 6.50, 6.80, NULL, 8.70, 7.70, 3.00, 'B', 1, 1, '2025-12-07 21:27:10'),
('g_enr_2400017_CH1004_L01_2024-1', '2400017', 'CH1004_L01_2024-1', 'CH1004', 8.00, NULL, NULL, NULL, NULL, NULL, NULL, 0, 0, '2025-12-07 21:27:10'),
('g_enr_2400017_CO1001_L01_2022-2', '2400017', 'CO1001_L01_2022-2', 'CO1001', 6.50, 6.30, NULL, 5.90, 6.10, 2.00, 'C', 1, 1, '2025-12-07 21:27:10'),
('g_enr_2400017_CO1006_L01_2023-2', '2400017', 'CO1006_L01_2023-2', 'CO1006', 6.00, 9.30, NULL, 5.70, 6.80, 2.50, 'C+', 1, 1, '2025-12-07 21:27:10'),
('g_enr_2400017_CO1011_L01_2023-1', '2400017', 'CO1011_L01_2023-1', 'CO1011', 7.60, 5.90, NULL, 5.60, 6.10, 2.00, 'C', 1, 1, '2025-12-07 21:27:10'),
('g_enr_2400017_CS1009_L01_2022-2', '2400017', 'CS1009_L01_2022-2', 'CS1009', 8.20, 9.90, NULL, 6.80, 8.00, 3.50, 'B+', 1, 1, '2025-12-07 21:27:10'),
('g_enr_2400017_CS1016_L01_2023-1', '2400017', 'CS1016_L01_2023-1', 'CS1016', 7.30, 5.70, NULL, 9.50, 7.90, 3.00, 'B', 1, 1, '2025-12-07 21:27:10'),
('g_enr_2400017_CS1020_L01_2023-1', '2400017', 'CS1020_L01_2023-1', 'CS1020', 8.60, 5.10, NULL, 5.10, 5.80, 2.00, 'C', 1, 1, '2025-12-07 21:27:10'),
('g_enr_2400017_EE1010_L01_2022-2', '2400017', 'EE1010_L01_2022-2', 'EE1010', 6.70, 5.30, NULL, 8.70, 7.30, 3.00, 'B', 1, 1, '2025-12-07 21:27:10'),
('g_enr_2400017_EE1017_L01_2023-2', '2400017', 'EE1017_L01_2023-2', 'EE1017', 9.10, 7.60, NULL, 5.50, 6.80, 2.50, 'C+', 1, 1, '2025-12-07 21:27:10'),
('g_enr_2400017_EN1005_L01_2024-1', '2400017', 'EN1005_L01_2024-1', 'EN1005', 9.80, NULL, NULL, NULL, NULL, NULL, NULL, 0, 0, '2025-12-07 21:27:10'),
('g_enr_2400017_EN1015_L01_2022-2', '2400017', 'EN1015_L01_2022-2', 'EN1015', 6.80, 6.10, NULL, 9.30, 7.80, 3.00, 'B', 1, 1, '2025-12-07 21:27:10'),
('g_enr_2400017_MA1003_L01_2022-2', '2400017', 'MA1003_L01_2022-2', 'MA1003', 8.60, 8.00, NULL, 5.10, 6.70, 2.50, 'C+', 1, 1, '2025-12-07 21:27:10'),
('g_enr_2400017_MA1008_L01_2023-1', '2400017', 'MA1008_L01_2023-1', 'MA1008', 8.10, 8.70, NULL, 7.40, 7.90, 3.00, 'B', 1, 1, '2025-12-07 21:27:10'),
('g_enr_2400017_MA1012_L01_2023-2', '2400017', 'MA1012_L01_2023-2', 'MA1012', 8.30, 5.30, NULL, 8.80, 7.70, 3.00, 'B', 1, 1, '2025-12-07 21:27:10'),
('g_enr_2400017_PH1002_L01_2023-1', '2400017', 'PH1002_L01_2023-1', 'PH1002', 9.10, 6.20, NULL, 5.60, 6.50, 2.50, 'C+', 1, 1, '2025-12-07 21:27:10'),
('g_enr_2400017_PH1007_L01_2023-2', '2400017', 'PH1007_L01_2023-2', 'PH1007', 9.20, 6.20, NULL, 6.60, 7.00, 3.00, 'B', 1, 1, '2025-12-07 21:27:10'),
('g_enr_2400017_PH1013_L01_2023-2', '2400017', 'PH1013_L01_2023-2', 'PH1013', 9.40, 7.30, NULL, 8.30, 8.20, 3.50, 'B+', 1, 1, '2025-12-07 21:27:10'),
('g_enr_2400018_CH1004_L01_2022-2', '2400018', 'CH1004_L01_2022-2', 'CH1004', 7.10, 8.20, NULL, 7.70, 7.70, 3.00, 'B', 1, 0, '2025-12-07 21:29:08'),
('g_enr_2400018_CH1014_L01_2023-2', '2400018', 'CH1014_L01_2023-2', 'CH1014', 6.60, 9.60, NULL, 5.30, 6.80, 2.50, 'C+', 1, 1, '2025-12-07 21:27:10'),
('g_enr_2400018_CO1001_L01_2024-1', '2400018', 'CO1001_L01_2024-1', 'CO1001', 8.30, NULL, NULL, NULL, NULL, NULL, NULL, 0, 0, '2025-12-07 21:27:10'),
('g_enr_2400018_CO1006_L01_2023-2', '2400018', 'CO1006_L01_2023-2', 'CO1006', 7.80, 8.00, NULL, 5.50, 6.70, 2.50, 'C+', 1, 1, '2025-12-07 21:27:10'),
('g_enr_2400018_CO1011_L01_2023-1', '2400018', 'CO1011_L01_2023-1', 'CO1011', 9.00, 9.10, NULL, 7.80, 8.40, 3.50, 'B+', 1, 1, '2025-12-07 21:27:10'),
('g_enr_2400018_CO1018_L01_2022-2', '2400018', 'CO1018_L01_2022-2', 'CO1018', 8.80, 9.30, NULL, 8.30, 8.70, 4.00, 'A', 1, 1, '2025-12-07 21:27:10'),
('g_enr_2400018_CS1009_L01_2023-1', '2400018', 'CS1009_L01_2023-1', 'CS1009', 7.70, 8.30, NULL, 6.90, 7.50, 3.00, 'B', 1, 1, '2025-12-07 21:27:10'),
('g_enr_2400018_CS1016_L01_2023-2', '2400018', 'CS1016_L01_2023-2', 'CS1016', 9.90, 8.00, NULL, 6.80, 7.80, 3.00, 'B', 1, 1, '2025-12-07 21:27:10'),
('g_enr_2400018_CS1020_L01_2022-2', '2400018', 'CS1020_L01_2022-2', 'CS1020', 9.30, 5.50, NULL, 5.50, 6.30, 2.00, 'C', 1, 1, '2025-12-07 21:27:10'),
('g_enr_2400018_EN1005_L01_2023-1', '2400018', 'EN1005_L01_2023-1', 'EN1005', 7.30, 10.00, NULL, 7.70, 8.30, 3.50, 'B+', 1, 1, '2025-12-07 21:27:10'),
('g_enr_2400018_MA1003_L01_2023-1', '2400018', 'MA1003_L01_2023-1', 'MA1003', 9.10, 8.60, NULL, 6.10, 7.40, 3.00, 'B', 1, 1, '2025-12-07 21:27:10'),
('g_enr_2400018_MA1008_L01_2023-1', '2400018', 'MA1008_L01_2023-1', 'MA1008', 9.00, 9.30, NULL, 8.60, 8.90, 4.00, 'A', 1, 1, '2025-12-07 21:27:10'),
('g_enr_2400018_MA1012_L01_2023-2', '2400018', 'MA1012_L01_2023-2', 'MA1012', 7.80, 6.10, NULL, 6.70, 6.70, 2.50, 'C+', 1, 1, '2025-12-07 21:27:10'),
('g_enr_2400018_MA1019_L01_2022-2', '2400018', 'MA1019_L01_2022-2', 'MA1019', 7.80, 7.10, NULL, 5.50, 6.40, 2.00, 'C', 1, 1, '2025-12-07 21:27:10'),
('g_enr_2400018_PH1002_L01_2024-1', '2400018', 'PH1002_L01_2024-1', 'PH1002', 6.90, NULL, NULL, NULL, NULL, NULL, NULL, 0, 0, '2025-12-07 21:27:10'),
('g_enr_2400018_PH1007_L01_2022-2', '2400018', 'PH1007_L01_2022-2', 'PH1007', 6.50, 6.80, NULL, 8.30, 7.50, 3.00, 'B', 1, 1, '2025-12-07 21:27:10'),
('g_enr_2400018_PH1013_L01_2023-2', '2400018', 'PH1013_L01_2023-2', 'PH1013', 8.30, 7.80, NULL, 6.60, 7.30, 3.00, 'B', 1, 1, '2025-12-07 21:27:10'),
('g_enr_2400019_CH1004_L01_2024-1', '2400019', 'CH1004_L01_2024-1', 'CH1004', 9.00, NULL, NULL, NULL, NULL, NULL, NULL, 0, 0, '2025-12-07 21:27:10'),
('g_enr_2400019_CH1014_L01_2022-2', '2400019', 'CH1014_L01_2022-2', 'CH1014', 6.30, 5.30, NULL, 5.80, 5.80, 2.00, 'C', 1, 1, '2025-12-07 21:27:10'),
('g_enr_2400019_CO1001_L01_2023-1', '2400019', 'CO1001_L01_2023-1', 'CO1001', 8.50, 8.40, NULL, 6.40, 7.40, 3.00, 'B', 1, 1, '2025-12-07 21:27:10'),
('g_enr_2400019_CO1006_L01_2023-2', '2400019', 'CO1006_L01_2023-2', 'CO1006', 8.90, 8.90, NULL, 7.80, 8.30, 3.50, 'B+', 1, 1, '2025-12-07 21:27:10'),
('g_enr_2400019_CO1011_L01_2023-2', '2400019', 'CO1011_L01_2023-2', 'CO1011', 7.60, 5.70, NULL, 8.20, 7.30, 3.00, 'B', 1, 1, '2025-12-07 21:27:10'),
('g_enr_2400019_CO1018_L01_2023-1', '2400019', 'CO1018_L01_2023-1', 'CO1018', 7.70, 6.40, NULL, 8.40, 7.70, 3.00, 'B', 1, 1, '2025-12-07 21:27:10'),
('g_enr_2400019_CS1009_L01_2023-2', '2400019', 'CS1009_L01_2023-2', 'CS1009', 8.60, 7.40, NULL, 7.20, 7.50, 3.00, 'B', 1, 1, '2025-12-07 21:27:10'),
('g_enr_2400019_CS1020_L01_2022-2', '2400019', 'CS1020_L01_2022-2', 'CS1020', 8.80, 6.50, NULL, 6.70, 7.10, 3.00, 'B', 1, 1, '2025-12-07 21:27:10'),
('g_enr_2400019_EE1010_L01_2023-2', '2400019', 'EE1010_L01_2023-2', 'EE1010', 7.90, 8.30, NULL, 5.20, 6.70, 2.50, 'C+', 1, 1, '2025-12-07 21:27:10'),
('g_enr_2400019_EN1005_L01_2022-2', '2400019', 'EN1005_L01_2022-2', 'EN1005', 7.60, 8.00, NULL, 5.00, 6.40, 2.00, 'C', 1, 1, '2025-12-07 21:27:10'),
('g_enr_2400019_EN1015_L01_2023-1', '2400019', 'EN1015_L01_2023-1', 'EN1015', 6.00, 9.30, NULL, 7.80, 7.90, 3.00, 'B', 1, 1, '2025-12-07 21:27:10'),
('g_enr_2400019_MA1003_L01_2023-1', '2400019', 'MA1003_L01_2023-1', 'MA1003', 7.70, 6.70, NULL, 6.90, 7.00, 3.00, 'B', 1, 1, '2025-12-07 21:27:10'),
('g_enr_2400019_MA1008_L01_2024-1', '2400019', 'MA1008_L01_2024-1', 'MA1008', 6.70, NULL, NULL, NULL, NULL, NULL, NULL, 0, 0, '2025-12-07 21:27:10'),
('g_enr_2400019_MA1019_L01_2022-2', '2400019', 'MA1019_L01_2022-2', 'MA1019', 6.10, 8.70, NULL, 6.10, 6.90, 2.50, 'C+', 1, 1, '2025-12-07 21:27:10'),
('g_enr_2400019_PH1002_L01_2023-2', '2400019', 'PH1002_L01_2023-2', 'PH1002', 7.00, 6.60, NULL, 5.00, 5.90, 2.00, 'C', 1, 1, '2025-12-07 21:27:10'),
('g_enr_2400019_PH1007_L01_2022-2', '2400019', 'PH1007_L01_2022-2', 'PH1007', 7.10, 8.80, NULL, 5.60, 6.90, 2.50, 'C+', 1, 1, '2025-12-07 21:27:10'),
('g_enr_2400019_PH1013_L01_2023-1', '2400019', 'PH1013_L01_2023-1', 'PH1013', 7.20, 6.10, NULL, 5.70, 6.10, 2.00, 'C', 1, 1, '2025-12-07 21:27:10'),
('g_enr_2400020_CH1004_L01_2022-2', '2400020', 'CH1004_L01_2022-2', 'CH1004', 6.40, 9.20, NULL, 6.20, 7.10, 3.00, 'B', 1, 0, '2025-12-07 21:29:08'),
('g_enr_2400020_CH1014_L01_2023-1', '2400020', 'CH1014_L01_2023-1', 'CH1014', 8.40, 8.80, NULL, 8.30, 8.50, 4.00, 'A', 1, 1, '2025-12-07 21:27:10'),
('g_enr_2400020_CO1001_L01_2023-2', '2400020', 'CO1001_L01_2023-2', 'CO1001', 6.70, 8.90, NULL, 7.50, 7.80, 3.00, 'B', 1, 1, '2025-12-07 21:27:10'),
('g_enr_2400020_CO1006_L01_2023-2', '2400020', 'CO1006_L01_2023-2', 'CO1006', 8.50, 9.20, NULL, 9.60, 9.30, 4.00, 'A', 1, 1, '2025-12-07 21:27:10'),
('g_enr_2400020_CO1011_L01_2022-2', '2400020', 'CO1011_L01_2022-2', 'CO1011', 6.70, 7.60, NULL, 5.60, 6.40, 2.00, 'C', 1, 1, '2025-12-07 21:27:10'),
('g_enr_2400020_CS1009_L01_2023-1', '2400020', 'CS1009_L01_2023-1', 'CS1009', 6.10, 6.60, NULL, 9.00, 7.70, 3.00, 'B', 1, 1, '2025-12-07 21:27:10'),
('g_enr_2400020_CS1016_L01_2022-2', '2400020', 'CS1016_L01_2022-2', 'CS1016', 9.00, 8.80, NULL, 7.20, 8.00, 3.50, 'B+', 1, 1, '2025-12-07 21:27:10'),
('g_enr_2400020_CS1020_L01_2022-2', '2400020', 'CS1020_L01_2022-2', 'CS1020', 6.90, 5.70, NULL, 6.00, 6.10, 2.00, 'C', 1, 1, '2025-12-07 21:27:10'),
('g_enr_2400020_EE1010_L01_2022-2', '2400020', 'EE1010_L01_2022-2', 'EE1010', 8.80, 7.10, NULL, 5.60, 6.70, 2.50, 'C+', 1, 1, '2025-12-07 21:27:10'),
('g_enr_2400020_EN1005_L01_2023-1', '2400020', 'EN1005_L01_2023-1', 'EN1005', 8.40, 7.60, NULL, 7.00, 7.50, 3.00, 'B', 1, 1, '2025-12-07 21:27:10'),
('g_enr_2400020_EN1015_L01_2023-1', '2400020', 'EN1015_L01_2023-1', 'EN1015', 8.00, 9.50, NULL, 6.70, 7.80, 3.00, 'B', 1, 1, '2025-12-07 21:27:10'),
('g_enr_2400020_MA1003_L01_2023-2', '2400020', 'MA1003_L01_2023-2', 'MA1003', 7.20, 6.70, NULL, 6.70, 6.80, 2.50, 'C+', 1, 1, '2025-12-07 21:27:10'),
('g_enr_2400020_MA1008_L01_2024-1', '2400020', 'MA1008_L01_2024-1', 'MA1008', 6.60, NULL, NULL, NULL, NULL, NULL, NULL, 0, 0, '2025-12-07 21:27:10');
INSERT INTO `grades` (`id`, `student_id`, `class_id`, `course_id`, `score_component`, `score_midterm`, `score_project`, `score_final`, `final_score_10`, `final_score_4`, `letter_grade`, `is_submitted`, `is_locked`, `updated_at`) VALUES
('g_enr_2400020_MA1012_L01_2024-1', '2400020', 'MA1012_L01_2024-1', 'MA1012', 6.30, NULL, NULL, NULL, NULL, NULL, NULL, 0, 0, '2025-12-07 21:27:10'),
('g_enr_2400020_MA1019_L01_2023-2', '2400020', 'MA1019_L01_2023-2', 'MA1019', 8.90, 9.10, NULL, 9.10, 9.10, 4.00, 'A', 1, 1, '2025-12-07 21:27:10'),
('g_enr_2400020_PH1002_L01_2023-2', '2400020', 'PH1002_L01_2023-2', 'PH1002', 8.50, 9.30, NULL, 8.10, 8.50, 4.00, 'A', 1, 1, '2025-12-07 21:27:10'),
('g_enr_2400020_PH1007_L01_2023-1', '2400020', 'PH1007_L01_2023-1', 'PH1007', 9.70, 7.80, NULL, 8.20, 8.40, 3.50, 'B+', 1, 1, '2025-12-07 21:27:10'),
('g_enr_2400021_CH1004_L01_2022-2', '2400021', 'CH1004_L01_2022-2', 'CH1004', 7.90, 7.80, NULL, 9.00, 8.40, 3.50, 'B+', 1, 0, '2025-12-07 21:29:08'),
('g_enr_2400021_CH1014_L01_2023-1', '2400021', 'CH1014_L01_2023-1', 'CH1014', 9.60, 7.20, NULL, 9.00, 8.60, 4.00, 'A', 1, 1, '2025-12-07 21:27:10'),
('g_enr_2400021_CO1001_L01_2022-2', '2400021', 'CO1001_L01_2022-2', 'CO1001', 9.20, 8.20, NULL, 5.30, 6.90, 2.50, 'C+', 1, 1, '2025-12-07 21:27:10'),
('g_enr_2400021_CO1006_L01_2023-1', '2400021', 'CO1006_L01_2023-1', 'CO1006', 6.60, 6.90, NULL, 6.40, 6.60, 2.50, 'C+', 1, 1, '2025-12-07 21:27:10'),
('g_enr_2400021_CO1011_L01_2023-2', '2400021', 'CO1011_L01_2023-2', 'CO1011', 8.60, 6.60, NULL, 7.40, 7.40, 3.00, 'B', 1, 1, '2025-12-07 21:27:10'),
('g_enr_2400021_CO1018_L01_2023-2', '2400021', 'CO1018_L01_2023-2', 'CO1018', 8.80, 7.00, NULL, 8.00, 7.90, 3.00, 'B', 1, 1, '2025-12-07 21:27:10'),
('g_enr_2400021_CS1009_L01_2024-1', '2400021', 'CS1009_L01_2024-1', 'CS1009', 7.20, NULL, NULL, NULL, NULL, NULL, NULL, 0, 0, '2025-12-07 21:27:10'),
('g_enr_2400021_CS1016_L01_2023-1', '2400021', 'CS1016_L01_2023-1', 'CS1016', 6.40, 8.40, NULL, 6.40, 7.00, 3.00, 'B', 1, 1, '2025-12-07 21:27:10'),
('g_enr_2400021_CS1020_L01_2023-1', '2400021', 'CS1020_L01_2023-1', 'CS1020', 9.60, 6.70, NULL, 8.60, 8.20, 3.50, 'B+', 1, 1, '2025-12-07 21:27:10'),
('g_enr_2400021_EE1017_L01_2023-1', '2400021', 'EE1017_L01_2023-1', 'EE1017', 6.60, 6.70, NULL, 9.80, 8.20, 3.50, 'B+', 1, 1, '2025-12-07 21:27:10'),
('g_enr_2400021_EN1005_L01_2022-2', '2400021', 'EN1005_L01_2022-2', 'EN1005', 9.50, 6.70, NULL, 7.90, 7.90, 3.00, 'B', 1, 1, '2025-12-07 21:27:10'),
('g_enr_2400021_MA1003_L01_2023-2', '2400021', 'MA1003_L01_2023-2', 'MA1003', 8.00, 5.90, NULL, 6.20, 6.50, 2.50, 'C+', 1, 1, '2025-12-07 21:27:10'),
('g_enr_2400021_MA1008_L01_2023-2', '2400021', 'MA1008_L01_2023-2', 'MA1008', 8.90, 8.30, NULL, 9.50, 9.00, 4.00, 'A', 1, 1, '2025-12-07 21:27:10'),
('g_enr_2400021_MA1019_L01_2023-2', '2400021', 'MA1019_L01_2023-2', 'MA1019', 7.60, 6.70, NULL, 8.00, 7.50, 3.00, 'B', 1, 1, '2025-12-07 21:27:10'),
('g_enr_2400021_PH1002_L01_2024-1', '2400021', 'PH1002_L01_2024-1', 'PH1002', 9.80, NULL, NULL, NULL, NULL, NULL, NULL, 0, 0, '2025-12-07 21:27:10'),
('g_enr_2400021_PH1007_L01_2022-2', '2400021', 'PH1007_L01_2022-2', 'PH1007', 7.80, 7.20, NULL, 7.60, 7.50, 3.00, 'B', 1, 1, '2025-12-07 21:27:10'),
('g_enr_2400021_PH1013_L01_2022-2', '2400021', 'PH1013_L01_2022-2', 'PH1013', 6.60, 5.30, NULL, 5.50, 5.70, 2.00, 'C', 1, 1, '2025-12-07 21:27:10'),
('g_enr_2400022_CH1004_L01_2022-2', '2400022', 'CH1004_L01_2022-2', 'CH1004', 9.50, 8.10, NULL, 8.00, 8.30, 3.50, 'B+', 1, 0, '2025-12-07 21:29:08'),
('g_enr_2400022_CH1014_L01_2023-2', '2400022', 'CH1014_L01_2023-2', 'CH1014', 9.10, 6.20, NULL, 6.20, 6.80, 2.50, 'C+', 1, 1, '2025-12-07 21:27:10'),
('g_enr_2400022_CO1001_L01_2022-2', '2400022', 'CO1001_L01_2022-2', 'CO1001', 9.90, 8.90, NULL, 9.50, 9.40, 4.00, 'A', 1, 1, '2025-12-07 21:27:10'),
('g_enr_2400022_CO1006_L01_2023-1', '2400022', 'CO1006_L01_2023-1', 'CO1006', 6.80, 8.40, NULL, 7.90, 7.80, 3.00, 'B', 1, 1, '2025-12-07 21:27:10'),
('g_enr_2400022_CO1018_L01_2023-1', '2400022', 'CO1018_L01_2023-1', 'CO1018', 9.90, 8.10, NULL, 8.80, 8.80, 4.00, 'A', 1, 1, '2025-12-07 21:27:10'),
('g_enr_2400022_CS1009_L01_2023-2', '2400022', 'CS1009_L01_2023-2', 'CS1009', 7.80, 8.80, NULL, 8.90, 8.70, 4.00, 'A', 1, 1, '2025-12-07 21:27:10'),
('g_enr_2400022_CS1016_L01_2023-1', '2400022', 'CS1016_L01_2023-1', 'CS1016', 6.60, 5.90, NULL, 8.50, 7.30, 3.00, 'B', 1, 1, '2025-12-07 21:27:10'),
('g_enr_2400022_CS1020_L01_2023-2', '2400022', 'CS1020_L01_2023-2', 'CS1020', 8.50, 9.50, NULL, 8.60, 8.90, 4.00, 'A', 1, 1, '2025-12-07 21:27:10'),
('g_enr_2400022_EE1010_L01_2023-2', '2400022', 'EE1010_L01_2023-2', 'EE1010', 9.00, 7.60, NULL, 8.30, 8.20, 3.50, 'B+', 1, 1, '2025-12-07 21:27:10'),
('g_enr_2400022_EN1005_L01_2024-1', '2400022', 'EN1005_L01_2024-1', 'EN1005', 8.80, NULL, NULL, NULL, NULL, NULL, NULL, 0, 0, '2025-12-07 21:27:10'),
('g_enr_2400022_EN1015_L01_2023-1', '2400022', 'EN1015_L01_2023-1', 'EN1015', 6.80, 8.00, NULL, 9.40, 8.50, 4.00, 'A', 1, 1, '2025-12-07 21:27:10'),
('g_enr_2400022_MA1003_L01_2024-1', '2400022', 'MA1003_L01_2024-1', 'MA1003', 9.70, NULL, NULL, NULL, NULL, NULL, NULL, 0, 0, '2025-12-07 21:27:10'),
('g_enr_2400022_MA1008_L01_2023-1', '2400022', 'MA1008_L01_2023-1', 'MA1008', 9.20, 7.50, NULL, 7.70, 7.90, 3.00, 'B', 1, 1, '2025-12-07 21:27:10'),
('g_enr_2400022_MA1012_L01_2022-2', '2400022', 'MA1012_L01_2022-2', 'MA1012', 10.00, 5.80, NULL, 6.50, 7.00, 3.00, 'B', 1, 1, '2025-12-07 21:27:10'),
('g_enr_2400022_MA1019_L01_2023-2', '2400022', 'MA1019_L01_2023-2', 'MA1019', 6.20, 7.40, NULL, 6.90, 6.90, 2.50, 'C+', 1, 1, '2025-12-07 21:27:10'),
('g_enr_2400022_PH1002_L01_2022-2', '2400022', 'PH1002_L01_2022-2', 'PH1002', 6.20, 6.80, NULL, 8.60, 7.60, 3.00, 'B', 1, 1, '2025-12-07 21:27:10'),
('g_enr_2400022_PH1007_L01_2022-2', '2400022', 'PH1007_L01_2022-2', 'PH1007', 8.00, 7.10, NULL, 5.80, 6.60, 2.50, 'C+', 1, 1, '2025-12-07 21:27:10'),
('g_enr_2400023_CH1004_L01_2024-1', '2400023', 'CH1004_L01_2024-1', 'CH1004', 10.00, NULL, NULL, NULL, NULL, NULL, NULL, 0, 0, '2025-12-07 21:27:10'),
('g_enr_2400023_CH1014_L01_2023-1', '2400023', 'CH1014_L01_2023-1', 'CH1014', 8.10, 5.60, NULL, 6.40, 6.50, 2.50, 'C+', 1, 1, '2025-12-07 21:27:10'),
('g_enr_2400023_CO1001_L01_2023-2', '2400023', 'CO1001_L01_2023-2', 'CO1001', 6.00, 5.40, NULL, 6.30, 6.00, 2.00, 'C', 1, 1, '2025-12-07 21:27:10'),
('g_enr_2400023_CO1011_L01_2023-1', '2400023', 'CO1011_L01_2023-1', 'CO1011', 6.10, 9.70, NULL, 9.20, 8.70, 4.00, 'A', 1, 1, '2025-12-07 21:27:10'),
('g_enr_2400023_CO1018_L01_2023-2', '2400023', 'CO1018_L01_2023-2', 'CO1018', 8.60, 9.00, NULL, 5.70, 7.30, 3.00, 'B', 1, 1, '2025-12-07 21:27:10'),
('g_enr_2400023_CS1009_L01_2022-2', '2400023', 'CS1009_L01_2022-2', 'CS1009', 7.70, 8.10, NULL, 6.20, 7.10, 3.00, 'B', 1, 1, '2025-12-07 21:27:10'),
('g_enr_2400023_CS1016_L01_2022-2', '2400023', 'CS1016_L01_2022-2', 'CS1016', 7.10, 9.10, NULL, 8.50, 8.40, 3.50, 'B+', 1, 1, '2025-12-07 21:27:10'),
('g_enr_2400023_CS1020_L01_2023-2', '2400023', 'CS1020_L01_2023-2', 'CS1020', 8.10, 6.20, NULL, 5.70, 6.30, 2.00, 'C', 1, 1, '2025-12-07 21:27:10'),
('g_enr_2400023_EN1005_L01_2023-2', '2400023', 'EN1005_L01_2023-2', 'EN1005', 9.90, 5.30, NULL, 7.60, 7.40, 3.00, 'B', 1, 1, '2025-12-07 21:27:10'),
('g_enr_2400023_EN1015_L01_2022-2', '2400023', 'EN1015_L01_2022-2', 'EN1015', 6.90, 10.00, NULL, 6.90, 7.80, 3.00, 'B', 1, 1, '2025-12-07 21:27:10'),
('g_enr_2400023_MA1003_L01_2024-1', '2400023', 'MA1003_L01_2024-1', 'MA1003', 8.00, NULL, NULL, NULL, NULL, NULL, NULL, 0, 0, '2025-12-07 21:27:10'),
('g_enr_2400023_MA1008_L01_2023-1', '2400023', 'MA1008_L01_2023-1', 'MA1008', 7.70, 8.30, NULL, 5.40, 6.70, 2.50, 'C+', 1, 1, '2025-12-07 21:27:10'),
('g_enr_2400023_MA1012_L01_2022-2', '2400023', 'MA1012_L01_2022-2', 'MA1012', 9.30, 7.70, NULL, 8.60, 8.50, 4.00, 'A', 1, 1, '2025-12-07 21:27:10'),
('g_enr_2400023_MA1019_L01_2023-2', '2400023', 'MA1019_L01_2023-2', 'MA1019', 7.20, 5.20, NULL, 7.10, 6.50, 2.50, 'C+', 1, 1, '2025-12-07 21:27:10'),
('g_enr_2400023_PH1002_L01_2022-2', '2400023', 'PH1002_L01_2022-2', 'PH1002', 9.20, 7.30, NULL, 5.60, 6.80, 2.50, 'C+', 1, 1, '2025-12-07 21:27:10'),
('g_enr_2400023_PH1007_L01_2023-1', '2400023', 'PH1007_L01_2023-1', 'PH1007', 9.60, 8.00, NULL, 5.10, 6.90, 2.50, 'C+', 1, 1, '2025-12-07 21:27:10'),
('g_enr_2400023_PH1013_L01_2023-1', '2400023', 'PH1013_L01_2023-1', 'PH1013', 6.60, 8.50, NULL, 7.20, 7.50, 3.00, 'B', 1, 1, '2025-12-07 21:27:10'),
('g_enr_2400024_CH1004_L01_2023-1', '2400024', 'CH1004_L01_2023-1', 'CH1004', 9.30, 8.40, NULL, 9.90, 9.30, 4.00, 'A', 1, 1, '2025-12-07 21:27:10'),
('g_enr_2400024_CH1014_L01_2022-2', '2400024', 'CH1014_L01_2022-2', 'CH1014', 7.40, 6.70, NULL, 8.20, 7.60, 3.00, 'B', 1, 1, '2025-12-07 21:27:10'),
('g_enr_2400024_CO1001_L01_2024-1', '2400024', 'CO1001_L01_2024-1', 'CO1001', 7.30, NULL, NULL, NULL, NULL, NULL, NULL, 0, 0, '2025-12-07 21:27:10'),
('g_enr_2400024_CO1006_L01_2022-2', '2400024', 'CO1006_L01_2022-2', 'CO1006', 9.20, 6.30, NULL, 5.40, 6.40, 2.00, 'C', 1, 1, '2025-12-07 21:27:10'),
('g_enr_2400024_CO1011_L01_2023-2', '2400024', 'CO1011_L01_2023-2', 'CO1011', 6.70, 6.50, NULL, 5.50, 6.00, 2.00, 'C', 1, 1, '2025-12-07 21:27:10'),
('g_enr_2400024_CS1009_L01_2022-2', '2400024', 'CS1009_L01_2022-2', 'CS1009', 9.30, 7.40, NULL, 5.20, 6.70, 2.50, 'C+', 1, 1, '2025-12-07 21:27:10'),
('g_enr_2400024_CS1020_L01_2022-2', '2400024', 'CS1020_L01_2022-2', 'CS1020', 9.20, 7.20, NULL, 7.00, 7.50, 3.00, 'B', 1, 1, '2025-12-07 21:27:10'),
('g_enr_2400024_EE1010_L01_2023-1', '2400024', 'EE1010_L01_2023-1', 'EE1010', 8.60, 6.40, NULL, 9.30, 8.30, 3.50, 'B+', 1, 1, '2025-12-07 21:27:10'),
('g_enr_2400024_EE1017_L01_2023-2', '2400024', 'EE1017_L01_2023-2', 'EE1017', 6.20, 8.30, NULL, 6.40, 6.90, 2.50, 'C+', 1, 1, '2025-12-07 21:27:10'),
('g_enr_2400024_EN1005_L01_2023-2', '2400024', 'EN1005_L01_2023-2', 'EN1005', 6.70, 8.50, NULL, 6.80, 7.30, 3.00, 'B', 1, 1, '2025-12-07 21:27:10'),
('g_enr_2400024_EN1015_L01_2023-1', '2400024', 'EN1015_L01_2023-1', 'EN1015', 6.80, 9.00, NULL, 9.40, 8.80, 4.00, 'A', 1, 1, '2025-12-07 21:27:10'),
('g_enr_2400024_MA1003_L01_2022-2', '2400024', 'MA1003_L01_2022-2', 'MA1003', 8.90, 9.70, NULL, 5.20, 7.30, 3.00, 'B', 1, 1, '2025-12-07 21:27:10'),
('g_enr_2400024_MA1008_L01_2023-2', '2400024', 'MA1008_L01_2023-2', 'MA1008', 7.30, 6.60, NULL, 7.00, 6.90, 2.50, 'C+', 1, 1, '2025-12-07 21:27:10'),
('g_enr_2400024_MA1012_L01_2023-2', '2400024', 'MA1012_L01_2023-2', 'MA1012', 7.90, 5.90, NULL, 5.70, 6.20, 2.00, 'C', 1, 1, '2025-12-07 21:27:10'),
('g_enr_2400024_MA1019_L01_2023-1', '2400024', 'MA1019_L01_2023-1', 'MA1019', 7.80, 9.80, NULL, 6.70, 7.80, 3.00, 'B', 1, 1, '2025-12-07 21:27:10'),
('g_enr_2400024_PH1002_L01_2024-1', '2400024', 'PH1002_L01_2024-1', 'PH1002', 7.20, NULL, NULL, NULL, NULL, NULL, NULL, 0, 0, '2025-12-07 21:27:10'),
('g_enr_2400024_PH1007_L01_2023-1', '2400024', 'PH1007_L01_2023-1', 'PH1007', 7.70, 7.20, NULL, 10.00, 8.70, 4.00, 'A', 1, 1, '2025-12-07 21:27:10'),
('g_enr_2400025_CH1004_L01_2023-1', '2400025', 'CH1004_L01_2023-1', 'CH1004', 9.80, 6.90, NULL, 8.80, 8.40, 3.50, 'B+', 1, 1, '2025-12-07 21:27:10'),
('g_enr_2400025_CO1001_L01_2023-1', '2400025', 'CO1001_L01_2023-1', 'CO1001', 9.40, 6.60, NULL, 6.70, 7.20, 3.00, 'B', 1, 1, '2025-12-07 21:27:10'),
('g_enr_2400025_CO1006_L01_2024-1', '2400025', 'CO1006_L01_2024-1', 'CO1006', 9.40, NULL, NULL, NULL, NULL, NULL, NULL, 0, 0, '2025-12-07 21:27:10'),
('g_enr_2400025_CO1011_L01_2023-1', '2400025', 'CO1011_L01_2023-1', 'CO1011', 9.10, 5.20, NULL, 5.30, 6.00, 2.00, 'C', 1, 1, '2025-12-07 21:27:10'),
('g_enr_2400025_CO1018_L01_2023-2', '2400025', 'CO1018_L01_2023-2', 'CO1018', 9.40, 7.30, NULL, 9.50, 8.80, 4.00, 'A', 1, 1, '2025-12-07 21:27:10'),
('g_enr_2400025_CS1009_L01_2023-2', '2400025', 'CS1009_L01_2023-2', 'CS1009', 9.10, 6.80, NULL, 6.90, 7.30, 3.00, 'B', 1, 1, '2025-12-07 21:27:10'),
('g_enr_2400025_CS1016_L01_2022-2', '2400025', 'CS1016_L01_2022-2', 'CS1016', 7.80, 5.40, NULL, 8.40, 7.40, 3.00, 'B', 1, 1, '2025-12-07 21:27:10'),
('g_enr_2400025_EE1010_L01_2023-1', '2400025', 'EE1010_L01_2023-1', 'EE1010', 9.70, 7.50, NULL, 5.60, 7.00, 3.00, 'B', 1, 1, '2025-12-07 21:27:10'),
('g_enr_2400025_EE1017_L01_2022-2', '2400025', 'EE1017_L01_2022-2', 'EE1017', 8.60, 6.20, NULL, 5.60, 6.40, 2.00, 'C', 1, 1, '2025-12-07 21:27:10'),
('g_enr_2400025_EN1005_L01_2023-2', '2400025', 'EN1005_L01_2023-2', 'EN1005', 8.20, 6.30, NULL, 6.30, 6.70, 2.50, 'C+', 1, 1, '2025-12-07 21:27:10'),
('g_enr_2400025_MA1003_L01_2022-2', '2400025', 'MA1003_L01_2022-2', 'MA1003', 8.30, 8.00, NULL, 8.40, 8.30, 3.50, 'B+', 1, 1, '2025-12-07 21:27:10'),
('g_enr_2400025_MA1008_L01_2023-2', '2400025', 'MA1008_L01_2023-2', 'MA1008', 6.30, 7.70, NULL, 9.50, 8.30, 3.50, 'B+', 1, 1, '2025-12-07 21:27:10'),
('g_enr_2400025_MA1012_L01_2024-1', '2400025', 'MA1012_L01_2024-1', 'MA1012', 8.80, NULL, NULL, NULL, NULL, NULL, NULL, 0, 0, '2025-12-07 21:27:10'),
('g_enr_2400025_MA1019_L01_2023-1', '2400025', 'MA1019_L01_2023-1', 'MA1019', 8.90, 7.50, NULL, 6.90, 7.50, 3.00, 'B', 1, 1, '2025-12-07 21:27:10'),
('g_enr_2400025_PH1002_L01_2022-2', '2400025', 'PH1002_L01_2022-2', 'PH1002', 9.80, 5.70, NULL, 8.00, 7.70, 3.00, 'B', 1, 1, '2025-12-07 21:27:10'),
('g_enr_2400025_PH1007_L01_2022-2', '2400025', 'PH1007_L01_2022-2', 'PH1007', 7.80, 10.00, NULL, 6.40, 7.80, 3.00, 'B', 1, 1, '2025-12-07 21:27:10'),
('g_enr_2400025_PH1013_L01_2023-2', '2400025', 'PH1013_L01_2023-2', 'PH1013', 8.30, 7.60, NULL, 7.00, 7.40, 3.00, 'B', 1, 1, '2025-12-07 21:27:10'),
('g_enr_2400026_CH1004_L01_2024-1', '2400026', 'CH1004_L01_2024-1', 'CH1004', 6.30, NULL, NULL, NULL, NULL, NULL, NULL, 0, 0, '2025-12-07 21:27:10'),
('g_enr_2400026_CH1014_L01_2022-2', '2400026', 'CH1014_L01_2022-2', 'CH1014', 7.60, 8.60, NULL, 7.40, 7.80, 3.00, 'B', 1, 1, '2025-12-07 21:27:10'),
('g_enr_2400026_CO1001_L01_2022-2', '2400026', 'CO1001_L01_2022-2', 'CO1001', 7.10, 5.40, NULL, 6.00, 6.00, 2.00, 'C', 1, 1, '2025-12-07 21:27:10'),
('g_enr_2400026_CO1006_L01_2024-1', '2400026', 'CO1006_L01_2024-1', 'CO1006', 9.80, NULL, NULL, NULL, NULL, NULL, NULL, 0, 0, '2025-12-07 21:27:10'),
('g_enr_2400026_CO1011_L01_2023-1', '2400026', 'CO1011_L01_2023-1', 'CO1011', 7.60, 7.00, NULL, 7.90, 7.60, 3.00, 'B', 1, 1, '2025-12-07 21:27:10'),
('g_enr_2400026_CO1018_L01_2023-1', '2400026', 'CO1018_L01_2023-1', 'CO1018', 9.80, 6.40, NULL, 8.10, 7.90, 3.00, 'B', 1, 1, '2025-12-07 21:27:10'),
('g_enr_2400026_CS1009_L01_2023-1', '2400026', 'CS1009_L01_2023-1', 'CS1009', 7.20, 5.80, NULL, 9.70, 8.00, 3.50, 'B+', 1, 1, '2025-12-07 21:27:10'),
('g_enr_2400026_CS1016_L01_2023-2', '2400026', 'CS1016_L01_2023-2', 'CS1016', 9.70, 5.20, NULL, 9.30, 8.20, 3.50, 'B+', 1, 1, '2025-12-07 21:27:10'),
('g_enr_2400026_CS1020_L01_2023-2', '2400026', 'CS1020_L01_2023-2', 'CS1020', 6.90, 9.70, NULL, 7.60, 8.10, 3.50, 'B+', 1, 1, '2025-12-07 21:27:10'),
('g_enr_2400026_EE1010_L01_2022-2', '2400026', 'EE1010_L01_2022-2', 'EE1010', 7.90, 7.60, NULL, 5.60, 6.70, 2.50, 'C+', 1, 1, '2025-12-07 21:27:10'),
('g_enr_2400026_EN1005_L01_2023-2', '2400026', 'EN1005_L01_2023-2', 'EN1005', 9.10, 5.60, NULL, 7.50, 7.20, 3.00, 'B', 1, 1, '2025-12-07 21:27:10'),
('g_enr_2400026_EN1015_L01_2023-2', '2400026', 'EN1015_L01_2023-2', 'EN1015', 8.50, 5.50, NULL, 8.20, 7.40, 3.00, 'B', 1, 1, '2025-12-07 21:27:10'),
('g_enr_2400026_MA1003_L01_2022-2', '2400026', 'MA1003_L01_2022-2', 'MA1003', 8.40, 7.90, NULL, 5.90, 7.00, 3.00, 'B', 1, 1, '2025-12-07 21:27:10'),
('g_enr_2400026_MA1019_L01_2022-2', '2400026', 'MA1019_L01_2022-2', 'MA1019', 9.50, 9.20, NULL, 7.60, 8.50, 4.00, 'A', 1, 1, '2025-12-07 21:27:10'),
('g_enr_2400026_PH1002_L01_2023-1', '2400026', 'PH1002_L01_2023-1', 'PH1002', 9.30, 7.80, NULL, 7.90, 8.20, 3.50, 'B+', 1, 1, '2025-12-07 21:27:10'),
('g_enr_2400026_PH1007_L01_2023-2', '2400026', 'PH1007_L01_2023-2', 'PH1007', 6.50, 6.60, NULL, 5.40, 6.00, 2.00, 'C', 1, 1, '2025-12-07 21:27:10'),
('g_enr_2400026_PH1013_L01_2023-1', '2400026', 'PH1013_L01_2023-1', 'PH1013', 8.50, 9.50, NULL, 6.70, 7.90, 3.00, 'B', 1, 1, '2025-12-07 21:27:10'),
('g_enr_2400027_CH1004_L01_2023-1', '2400027', 'CH1004_L01_2023-1', 'CH1004', 7.70, 9.80, NULL, 9.50, 9.20, 4.00, 'A', 1, 1, '2025-12-07 21:27:10'),
('g_enr_2400027_CO1001_L01_2024-1', '2400027', 'CO1001_L01_2024-1', 'CO1001', 6.40, NULL, NULL, NULL, NULL, NULL, NULL, 0, 0, '2025-12-07 21:27:10'),
('g_enr_2400027_CO1006_L01_2023-2', '2400027', 'CO1006_L01_2023-2', 'CO1006', 6.50, 7.20, NULL, 5.70, 6.30, 2.00, 'C', 1, 1, '2025-12-07 21:27:10'),
('g_enr_2400027_CO1011_L01_2023-1', '2400027', 'CO1011_L01_2023-1', 'CO1011', 7.10, 8.00, NULL, 9.20, 8.40, 3.50, 'B+', 1, 1, '2025-12-07 21:27:10'),
('g_enr_2400027_CO1018_L01_2022-2', '2400027', 'CO1018_L01_2022-2', 'CO1018', 6.20, 9.70, NULL, 9.30, 8.80, 4.00, 'A', 1, 1, '2025-12-07 21:27:10'),
('g_enr_2400027_CS1016_L01_2023-1', '2400027', 'CS1016_L01_2023-1', 'CS1016', 7.90, 6.70, NULL, 5.70, 6.40, 2.00, 'C', 1, 1, '2025-12-07 21:27:10'),
('g_enr_2400027_CS1020_L01_2022-2', '2400027', 'CS1020_L01_2022-2', 'CS1020', 7.00, 7.90, NULL, 5.20, 6.40, 2.00, 'C', 1, 1, '2025-12-07 21:27:10'),
('g_enr_2400027_EE1010_L01_2022-2', '2400027', 'EE1010_L01_2022-2', 'EE1010', 8.80, 5.80, NULL, 7.10, 7.00, 3.00, 'B', 1, 1, '2025-12-07 21:27:10'),
('g_enr_2400027_EE1017_L01_2023-1', '2400027', 'EE1017_L01_2023-1', 'EE1017', 7.90, 9.40, NULL, 7.50, 8.20, 3.50, 'B+', 1, 1, '2025-12-07 21:27:10'),
('g_enr_2400027_EN1005_L01_2023-2', '2400027', 'EN1005_L01_2023-2', 'EN1005', 6.40, 7.00, NULL, 7.30, 7.00, 3.00, 'B', 1, 1, '2025-12-07 21:27:10'),
('g_enr_2400027_EN1015_L01_2023-2', '2400027', 'EN1015_L01_2023-2', 'EN1015', 9.30, 9.70, NULL, 8.60, 9.10, 4.00, 'A', 1, 1, '2025-12-07 21:27:10'),
('g_enr_2400027_MA1003_L01_2022-2', '2400027', 'MA1003_L01_2022-2', 'MA1003', 7.40, 7.00, NULL, 8.80, 8.00, 3.50, 'B+', 1, 1, '2025-12-07 21:27:10'),
('g_enr_2400027_MA1008_L01_2023-2', '2400027', 'MA1008_L01_2023-2', 'MA1008', 8.70, 6.40, NULL, 5.00, 6.20, 2.00, 'C', 1, 1, '2025-12-07 21:27:10'),
('g_enr_2400027_MA1012_L01_2022-2', '2400027', 'MA1012_L01_2022-2', 'MA1012', 6.80, 5.80, NULL, 10.00, 8.10, 3.50, 'B+', 1, 1, '2025-12-07 21:27:10'),
('g_enr_2400027_PH1002_L01_2023-2', '2400027', 'PH1002_L01_2023-2', 'PH1002', 9.40, 6.60, NULL, 9.90, 8.80, 4.00, 'A', 1, 1, '2025-12-07 21:27:10'),
('g_enr_2400027_PH1007_L01_2024-1', '2400027', 'PH1007_L01_2024-1', 'PH1007', 6.50, NULL, NULL, NULL, NULL, NULL, NULL, 0, 0, '2025-12-07 21:27:10'),
('g_enr_2400027_PH1013_L01_2023-1', '2400027', 'PH1013_L01_2023-1', 'PH1013', 8.10, 5.50, NULL, 6.20, 6.40, 2.00, 'C', 1, 1, '2025-12-07 21:27:10'),
('g_enr_2400028_CH1004_L01_2023-1', '2400028', 'CH1004_L01_2023-1', 'CH1004', 7.90, 5.10, NULL, 6.70, 6.50, 2.50, 'C+', 1, 1, '2025-12-07 21:27:10'),
('g_enr_2400028_CH1014_L01_2022-2', '2400028', 'CH1014_L01_2022-2', 'CH1014', 9.60, 5.70, NULL, 9.70, 8.50, 4.00, 'A', 1, 1, '2025-12-07 21:27:10'),
('g_enr_2400028_CO1001_L01_2023-1', '2400028', 'CO1001_L01_2023-1', 'CO1001', 8.40, 6.30, NULL, 8.30, 7.70, 3.00, 'B', 1, 1, '2025-12-07 21:27:10'),
('g_enr_2400028_CO1006_L01_2022-2', '2400028', 'CO1006_L01_2022-2', 'CO1006', 8.00, 7.40, NULL, 7.80, 7.70, 3.00, 'B', 1, 1, '2025-12-07 21:27:10'),
('g_enr_2400028_CO1011_L01_2023-2', '2400028', 'CO1011_L01_2023-2', 'CO1011', 9.20, 7.60, NULL, 5.70, 7.00, 3.00, 'B', 1, 1, '2025-12-07 21:27:10'),
('g_enr_2400028_CO1018_L01_2022-2', '2400028', 'CO1018_L01_2022-2', 'CO1018', 6.60, 8.00, NULL, 7.00, 7.20, 3.00, 'B', 1, 1, '2025-12-07 21:27:10'),
('g_enr_2400028_CS1009_L01_2024-1', '2400028', 'CS1009_L01_2024-1', 'CS1009', 7.90, NULL, NULL, NULL, NULL, NULL, NULL, 0, 0, '2025-12-07 21:27:10'),
('g_enr_2400028_CS1016_L01_2023-1', '2400028', 'CS1016_L01_2023-1', 'CS1016', 6.50, 5.50, NULL, 6.90, 6.40, 2.00, 'C', 1, 1, '2025-12-07 21:27:10'),
('g_enr_2400028_CS1020_L01_2023-2', '2400028', 'CS1020_L01_2023-2', 'CS1020', 6.40, 7.10, NULL, 6.50, 6.70, 2.50, 'C+', 1, 1, '2025-12-07 21:27:10'),
('g_enr_2400028_EE1010_L01_2022-2', '2400028', 'EE1010_L01_2022-2', 'EE1010', 9.60, 9.40, NULL, 8.10, 8.80, 4.00, 'A', 1, 1, '2025-12-07 21:27:10'),
('g_enr_2400028_EE1017_L01_2023-2', '2400028', 'EE1017_L01_2023-2', 'EE1017', 9.40, 8.00, NULL, 7.50, 8.00, 3.50, 'B+', 1, 1, '2025-12-07 21:27:10'),
('g_enr_2400028_EN1005_L01_2023-1', '2400028', 'EN1005_L01_2023-1', 'EN1005', 7.30, 7.00, NULL, 8.10, 7.60, 3.00, 'B', 1, 1, '2025-12-07 21:27:10'),
('g_enr_2400028_EN1015_L01_2022-2', '2400028', 'EN1015_L01_2022-2', 'EN1015', 9.30, 8.10, NULL, 8.10, 8.30, 3.50, 'B+', 1, 1, '2025-12-07 21:27:10'),
('g_enr_2400028_MA1003_L01_2023-2', '2400028', 'MA1003_L01_2023-2', 'MA1003', 9.90, 7.80, NULL, 6.80, 7.70, 3.00, 'B', 1, 1, '2025-12-07 21:27:10'),
('g_enr_2400028_MA1008_L01_2023-1', '2400028', 'MA1008_L01_2023-1', 'MA1008', 6.20, 5.20, NULL, 8.60, 7.10, 3.00, 'B', 1, 1, '2025-12-07 21:27:10'),
('g_enr_2400028_PH1002_L01_2024-1', '2400028', 'PH1002_L01_2024-1', 'PH1002', 6.20, NULL, NULL, NULL, NULL, NULL, NULL, 0, 0, '2025-12-07 21:27:10'),
('g_enr_2400028_PH1007_L01_2023-2', '2400028', 'PH1007_L01_2023-2', 'PH1007', 9.90, 7.90, NULL, 6.10, 7.40, 3.00, 'B', 1, 1, '2025-12-07 21:27:10'),
('g_enr_2400029_CH1004_L01_2023-2', '2400029', 'CH1004_L01_2023-2', 'CH1004', 8.70, 6.90, NULL, 9.90, 8.80, 4.00, 'A', 1, 1, '2025-12-07 21:27:10'),
('g_enr_2400029_CH1014_L01_2023-2', '2400029', 'CH1014_L01_2023-2', 'CH1014', 8.60, 8.50, NULL, 8.10, 8.30, 3.50, 'B+', 1, 1, '2025-12-07 21:27:10'),
('g_enr_2400029_CO1001_L01_2023-1', '2400029', 'CO1001_L01_2023-1', 'CO1001', 9.20, 6.40, NULL, 5.60, 6.60, 2.50, 'C+', 1, 1, '2025-12-07 21:27:10'),
('g_enr_2400029_CO1006_L01_2023-2', '2400029', 'CO1006_L01_2023-2', 'CO1006', 7.20, 6.00, NULL, 8.50, 7.50, 3.00, 'B', 1, 1, '2025-12-07 21:27:10'),
('g_enr_2400029_CO1011_L01_2022-2', '2400029', 'CO1011_L01_2022-2', 'CO1011', 9.50, 8.70, NULL, 5.30, 7.20, 3.00, 'B', 1, 1, '2025-12-07 21:27:10'),
('g_enr_2400029_CO1018_L01_2023-1', '2400029', 'CO1018_L01_2023-1', 'CO1018', 6.60, 6.00, NULL, 6.60, 6.40, 2.00, 'C', 1, 1, '2025-12-07 21:27:10'),
('g_enr_2400029_CS1009_L01_2022-2', '2400029', 'CS1009_L01_2022-2', 'CS1009', 6.70, 9.60, NULL, 6.70, 7.60, 3.00, 'B', 1, 1, '2025-12-07 21:27:10'),
('g_enr_2400029_CS1016_L01_2022-2', '2400029', 'CS1016_L01_2022-2', 'CS1016', 9.30, 9.80, NULL, 9.00, 9.30, 4.00, 'A', 1, 1, '2025-12-07 21:27:10'),
('g_enr_2400029_CS1020_L01_2022-2', '2400029', 'CS1020_L01_2022-2', 'CS1020', 7.30, 6.70, NULL, 9.70, 8.30, 3.50, 'B+', 1, 1, '2025-12-07 21:27:10'),
('g_enr_2400029_EE1010_L01_2023-2', '2400029', 'EE1010_L01_2023-2', 'EE1010', 7.40, 7.20, NULL, 6.30, 6.80, 2.50, 'C+', 1, 1, '2025-12-07 21:27:10'),
('g_enr_2400029_EN1005_L01_2024-1', '2400029', 'EN1005_L01_2024-1', 'EN1005', 6.80, NULL, NULL, NULL, NULL, NULL, NULL, 0, 0, '2025-12-07 21:27:10'),
('g_enr_2400029_EN1015_L01_2023-1', '2400029', 'EN1015_L01_2023-1', 'EN1015', 7.40, 8.90, NULL, 8.60, 8.40, 3.50, 'B+', 1, 1, '2025-12-07 21:27:10'),
('g_enr_2400029_MA1003_L01_2023-2', '2400029', 'MA1003_L01_2023-2', 'MA1003', 8.60, 7.60, NULL, 6.60, 7.30, 3.00, 'B', 1, 1, '2025-12-07 21:27:10'),
('g_enr_2400029_MA1012_L01_2023-1', '2400029', 'MA1012_L01_2023-1', 'MA1012', 7.20, 6.40, NULL, 8.60, 7.70, 3.00, 'B', 1, 1, '2025-12-07 21:27:10'),
('g_enr_2400029_MA1019_L01_2022-2', '2400029', 'MA1019_L01_2022-2', 'MA1019', 6.80, 6.20, NULL, 7.80, 7.10, 3.00, 'B', 1, 1, '2025-12-07 21:27:10'),
('g_enr_2400029_PH1002_L01_2024-1', '2400029', 'PH1002_L01_2024-1', 'PH1002', 7.90, NULL, NULL, NULL, NULL, NULL, NULL, 0, 0, '2025-12-07 21:27:10'),
('g_enr_2400029_PH1007_L01_2023-1', '2400029', 'PH1007_L01_2023-1', 'PH1007', 6.90, 9.90, NULL, 6.50, 7.60, 3.00, 'B', 1, 1, '2025-12-07 21:27:10'),
('g_enr_2400030_CH1004_L01_2023-1', '2400030', 'CH1004_L01_2023-1', 'CH1004', 9.70, 9.40, NULL, 5.00, 7.30, 3.00, 'B', 1, 1, '2025-12-07 21:27:10'),
('g_enr_2400030_CH1014_L01_2023-2', '2400030', 'CH1014_L01_2023-2', 'CH1014', 8.30, 5.50, NULL, 9.90, 8.30, 3.50, 'B+', 1, 1, '2025-12-07 21:27:10'),
('g_enr_2400030_CO1001_L01_2023-2', '2400030', 'CO1001_L01_2023-2', 'CO1001', 9.70, 10.00, NULL, 7.00, 8.40, 3.50, 'B+', 1, 1, '2025-12-07 21:27:10'),
('g_enr_2400030_CO1006_L01_2022-2', '2400030', 'CO1006_L01_2022-2', 'CO1006', 8.90, 9.70, NULL, 9.60, 9.50, 4.00, 'A', 1, 1, '2025-12-07 21:27:10'),
('g_enr_2400030_CO1011_L01_2022-2', '2400030', 'CO1011_L01_2022-2', 'CO1011', 8.00, 9.70, NULL, 9.80, 9.40, 4.00, 'A', 1, 1, '2025-12-07 21:27:10'),
('g_enr_2400030_CS1009_L01_2024-1', '2400030', 'CS1009_L01_2024-1', 'CS1009', 7.80, NULL, NULL, NULL, NULL, NULL, NULL, 0, 0, '2025-12-07 21:27:10'),
('g_enr_2400030_CS1016_L01_2022-2', '2400030', 'CS1016_L01_2022-2', 'CS1016', 7.90, 6.00, NULL, 9.80, 8.30, 3.50, 'B+', 1, 1, '2025-12-07 21:27:10'),
('g_enr_2400030_EE1010_L01_2023-1', '2400030', 'EE1010_L01_2023-1', 'EE1010', 8.00, 9.70, NULL, 9.30, 9.20, 4.00, 'A', 1, 1, '2025-12-07 21:27:10'),
('g_enr_2400030_EE1017_L01_2023-1', '2400030', 'EE1017_L01_2023-1', 'EE1017', 7.30, 8.20, NULL, 9.50, 8.70, 4.00, 'A', 1, 1, '2025-12-07 21:27:10'),
('g_enr_2400030_EN1005_L01_2024-1', '2400030', 'EN1005_L01_2024-1', 'EN1005', 6.60, NULL, NULL, NULL, NULL, NULL, NULL, 0, 0, '2025-12-07 21:27:10'),
('g_enr_2400030_EN1015_L01_2023-2', '2400030', 'EN1015_L01_2023-2', 'EN1015', 6.40, 7.90, NULL, 7.70, 7.50, 3.00, 'B', 1, 1, '2025-12-07 21:27:10'),
('g_enr_2400030_MA1003_L01_2023-1', '2400030', 'MA1003_L01_2023-1', 'MA1003', 6.00, 7.80, NULL, 9.60, 8.30, 3.50, 'B+', 1, 1, '2025-12-07 21:27:10'),
('g_enr_2400030_MA1008_L01_2022-2', '2400030', 'MA1008_L01_2022-2', 'MA1008', 8.90, 5.50, NULL, 8.90, 7.90, 3.00, 'B', 1, 1, '2025-12-07 21:27:10'),
('g_enr_2400030_MA1012_L01_2022-2', '2400030', 'MA1012_L01_2022-2', 'MA1012', 7.10, 9.90, NULL, 7.70, 8.20, 3.50, 'B+', 1, 1, '2025-12-07 21:27:10'),
('g_enr_2400030_PH1002_L01_2023-2', '2400030', 'PH1002_L01_2023-2', 'PH1002', 7.90, 6.00, NULL, 5.60, 6.20, 2.00, 'C', 1, 1, '2025-12-07 21:27:10'),
('g_enr_2400030_PH1007_L01_2023-2', '2400030', 'PH1007_L01_2023-2', 'PH1007', 7.60, 9.70, NULL, 9.40, 9.10, 4.00, 'A', 1, 1, '2025-12-07 21:27:10'),
('g_enr_2400030_PH1013_L01_2023-1', '2400030', 'PH1013_L01_2023-1', 'PH1013', 6.70, 9.40, NULL, 5.90, 7.10, 3.00, 'B', 1, 1, '2025-12-07 21:27:10'),
('g_enr_2400031_CH1004_L01_2023-2', '2400031', 'CH1004_L01_2023-2', 'CH1004', 8.20, 8.30, NULL, 6.10, 7.20, 3.00, 'B', 1, 1, '2025-12-07 21:27:10'),
('g_enr_2400031_CH1014_L01_2023-2', '2400031', 'CH1014_L01_2023-2', 'CH1014', 7.20, 7.00, NULL, 7.50, 7.30, 3.00, 'B', 1, 1, '2025-12-07 21:27:10'),
('g_enr_2400031_CO1001_L01_2024-1', '2400031', 'CO1001_L01_2024-1', 'CO1001', 8.20, NULL, NULL, NULL, NULL, NULL, NULL, 0, 0, '2025-12-07 21:27:10'),
('g_enr_2400031_CO1006_L01_2024-1', '2400031', 'CO1006_L01_2024-1', 'CO1006', 8.00, NULL, NULL, NULL, NULL, NULL, NULL, 0, 0, '2025-12-07 21:27:10'),
('g_enr_2400031_CO1018_L01_2023-1', '2400031', 'CO1018_L01_2023-1', 'CO1018', 8.80, 5.30, NULL, 5.60, 6.20, 2.00, 'C', 1, 1, '2025-12-07 21:27:10'),
('g_enr_2400031_CS1016_L01_2023-2', '2400031', 'CS1016_L01_2023-2', 'CS1016', 6.30, 7.80, NULL, 5.30, 6.20, 2.00, 'C', 1, 1, '2025-12-07 21:27:10'),
('g_enr_2400031_CS1020_L01_2023-1', '2400031', 'CS1020_L01_2023-1', 'CS1020', 6.50, 9.60, NULL, 6.50, 7.40, 3.00, 'B', 1, 1, '2025-12-07 21:27:10'),
('g_enr_2400031_EE1017_L01_2023-1', '2400031', 'EE1017_L01_2023-1', 'EE1017', 6.30, 7.20, NULL, 8.50, 7.70, 3.00, 'B', 1, 1, '2025-12-07 21:27:10'),
('g_enr_2400031_EN1005_L01_2022-2', '2400031', 'EN1005_L01_2022-2', 'EN1005', 9.60, 8.50, NULL, 6.60, 7.80, 3.00, 'B', 1, 1, '2025-12-07 21:27:10'),
('g_enr_2400031_EN1015_L01_2022-2', '2400031', 'EN1015_L01_2022-2', 'EN1015', 6.60, 8.70, NULL, 8.00, 7.90, 3.00, 'B', 1, 1, '2025-12-07 21:27:10'),
('g_enr_2400031_MA1003_L01_2023-1', '2400031', 'MA1003_L01_2023-1', 'MA1003', 7.70, 7.70, NULL, 7.40, 7.60, 3.00, 'B', 1, 1, '2025-12-07 21:27:10'),
('g_enr_2400031_MA1008_L01_2023-1', '2400031', 'MA1008_L01_2023-1', 'MA1008', 7.00, 6.30, NULL, 6.20, 6.40, 2.00, 'C', 1, 1, '2025-12-07 21:27:10'),
('g_enr_2400031_MA1012_L01_2022-2', '2400031', 'MA1012_L01_2022-2', 'MA1012', 8.90, 5.10, NULL, 8.30, 7.50, 3.00, 'B', 1, 1, '2025-12-07 21:27:10'),
('g_enr_2400031_MA1019_L01_2023-2', '2400031', 'MA1019_L01_2023-2', 'MA1019', 9.00, 9.80, NULL, 6.50, 8.00, 3.50, 'B+', 1, 1, '2025-12-07 21:27:10'),
('g_enr_2400031_PH1002_L01_2022-2', '2400031', 'PH1002_L01_2022-2', 'PH1002', 6.70, 5.70, NULL, 6.60, 6.30, 2.00, 'C', 1, 1, '2025-12-07 21:27:10'),
('g_enr_2400031_PH1007_L01_2023-2', '2400031', 'PH1007_L01_2023-2', 'PH1007', 8.50, 6.10, NULL, 5.70, 6.40, 2.00, 'C', 1, 1, '2025-12-07 21:27:10'),
('g_enr_2400031_PH1013_L01_2022-2', '2400031', 'PH1013_L01_2022-2', 'PH1013', 7.00, 8.80, NULL, 9.40, 8.70, 4.00, 'A', 1, 1, '2025-12-07 21:27:10'),
('g_enr_2400032_CH1004_L01_2022-2', '2400032', 'CH1004_L01_2022-2', 'CH1004', 7.50, 8.40, NULL, 8.30, 8.20, 3.50, 'B+', 1, 0, '2025-12-07 21:29:08'),
('g_enr_2400032_CH1014_L01_2023-2', '2400032', 'CH1014_L01_2023-2', 'CH1014', 8.20, 7.70, NULL, 9.10, 8.50, 4.00, 'A', 1, 1, '2025-12-07 21:27:10'),
('g_enr_2400032_CO1001_L01_2023-1', '2400032', 'CO1001_L01_2023-1', 'CO1001', 10.00, 9.70, NULL, 5.30, 7.60, 3.00, 'B', 1, 1, '2025-12-07 21:27:10'),
('g_enr_2400032_CO1006_L01_2024-1', '2400032', 'CO1006_L01_2024-1', 'CO1006', 7.40, NULL, NULL, NULL, NULL, NULL, NULL, 0, 0, '2025-12-07 21:27:10'),
('g_enr_2400032_CS1009_L01_2023-1', '2400032', 'CS1009_L01_2023-1', 'CS1009', 6.10, 6.50, NULL, 8.40, 7.40, 3.00, 'B', 1, 1, '2025-12-07 21:27:10'),
('g_enr_2400032_CS1016_L01_2023-1', '2400032', 'CS1016_L01_2023-1', 'CS1016', 8.20, 8.30, NULL, 6.70, 7.50, 3.00, 'B', 1, 1, '2025-12-07 21:27:10'),
('g_enr_2400032_CS1020_L01_2022-2', '2400032', 'CS1020_L01_2022-2', 'CS1020', 9.10, 8.80, NULL, 9.90, 9.40, 4.00, 'A', 1, 1, '2025-12-07 21:27:10'),
('g_enr_2400032_EE1010_L01_2023-2', '2400032', 'EE1010_L01_2023-2', 'EE1010', 9.70, 5.20, NULL, 7.00, 7.00, 3.00, 'B', 1, 1, '2025-12-07 21:27:10'),
('g_enr_2400032_EE1017_L01_2022-2', '2400032', 'EE1017_L01_2022-2', 'EE1017', 6.20, 6.70, NULL, 5.30, 5.90, 2.00, 'C', 1, 1, '2025-12-07 21:27:10'),
('g_enr_2400032_EN1005_L01_2024-1', '2400032', 'EN1005_L01_2024-1', 'EN1005', 7.00, NULL, NULL, NULL, NULL, NULL, NULL, 0, 0, '2025-12-07 21:27:10'),
('g_enr_2400032_EN1015_L01_2023-1', '2400032', 'EN1015_L01_2023-1', 'EN1015', 9.20, 8.60, NULL, 7.00, 7.90, 3.00, 'B', 1, 1, '2025-12-07 21:27:10'),
('g_enr_2400032_MA1003_L01_2022-2', '2400032', 'MA1003_L01_2022-2', 'MA1003', 7.80, 5.30, NULL, 7.30, 6.80, 2.50, 'C+', 1, 1, '2025-12-07 21:27:10'),
('g_enr_2400032_MA1008_L01_2022-2', '2400032', 'MA1008_L01_2022-2', 'MA1008', 8.90, 6.10, NULL, 5.00, 6.10, 2.00, 'C', 1, 1, '2025-12-07 21:27:10'),
('g_enr_2400032_MA1012_L01_2023-1', '2400032', 'MA1012_L01_2023-1', 'MA1012', 8.60, 7.10, NULL, 10.00, 8.80, 4.00, 'A', 1, 1, '2025-12-07 21:27:10'),
('g_enr_2400032_PH1002_L01_2023-2', '2400032', 'PH1002_L01_2023-2', 'PH1002', 6.70, 7.70, NULL, 7.60, 7.50, 3.00, 'B', 1, 1, '2025-12-07 21:27:10'),
('g_enr_2400032_PH1007_L01_2023-2', '2400032', 'PH1007_L01_2023-2', 'PH1007', 9.30, 8.70, NULL, 7.90, 8.40, 3.50, 'B+', 1, 1, '2025-12-07 21:27:10'),
('g_enr_2400032_PH1013_L01_2023-2', '2400032', 'PH1013_L01_2023-2', 'PH1013', 7.50, 9.30, NULL, 9.50, 9.00, 4.00, 'A', 1, 1, '2025-12-07 21:27:10'),
('g_enr_2400033_CH1004_L01_2024-1', '2400033', 'CH1004_L01_2024-1', 'CH1004', 8.60, NULL, NULL, NULL, NULL, NULL, NULL, 0, 0, '2025-12-07 21:27:10'),
('g_enr_2400033_CO1001_L01_2022-2', '2400033', 'CO1001_L01_2022-2', 'CO1001', 7.20, 8.50, NULL, 9.00, 8.50, 4.00, 'A', 1, 1, '2025-12-07 21:27:10'),
('g_enr_2400033_CO1006_L01_2023-1', '2400033', 'CO1006_L01_2023-1', 'CO1006', 9.50, 5.30, NULL, 7.50, 7.20, 3.00, 'B', 1, 1, '2025-12-07 21:27:10'),
('g_enr_2400033_CO1011_L01_2022-2', '2400033', 'CO1011_L01_2022-2', 'CO1011', 6.20, 9.70, NULL, 9.40, 8.90, 4.00, 'A', 1, 1, '2025-12-07 21:27:10'),
('g_enr_2400033_CO1018_L01_2023-2', '2400033', 'CO1018_L01_2023-2', 'CO1018', 9.00, 7.40, NULL, 9.20, 8.60, 4.00, 'A', 1, 1, '2025-12-07 21:27:10'),
('g_enr_2400033_CS1016_L01_2023-1', '2400033', 'CS1016_L01_2023-1', 'CS1016', 9.60, 8.10, NULL, 7.10, 7.90, 3.00, 'B', 1, 1, '2025-12-07 21:27:10'),
('g_enr_2400033_CS1020_L01_2022-2', '2400033', 'CS1020_L01_2022-2', 'CS1020', 7.30, 8.00, NULL, 8.40, 8.10, 3.50, 'B+', 1, 1, '2025-12-07 21:27:10'),
('g_enr_2400033_EE1010_L01_2023-2', '2400033', 'EE1010_L01_2023-2', 'EE1010', 8.20, 5.70, NULL, 6.20, 6.40, 2.00, 'C', 1, 1, '2025-12-07 21:27:10'),
('g_enr_2400033_EE1017_L01_2022-2', '2400033', 'EE1017_L01_2022-2', 'EE1017', 8.70, 8.90, NULL, 6.60, 7.70, 3.00, 'B', 1, 1, '2025-12-07 21:27:10'),
('g_enr_2400033_EN1005_L01_2023-2', '2400033', 'EN1005_L01_2023-2', 'EN1005', 8.60, 6.10, NULL, 6.50, 6.80, 2.50, 'C+', 1, 1, '2025-12-07 21:27:10'),
('g_enr_2400033_EN1015_L01_2023-2', '2400033', 'EN1015_L01_2023-2', 'EN1015', 8.00, 9.90, NULL, 9.70, 9.40, 4.00, 'A', 1, 1, '2025-12-07 21:27:10'),
('g_enr_2400033_MA1003_L01_2023-2', '2400033', 'MA1003_L01_2023-2', 'MA1003', 7.20, 9.10, NULL, 8.70, 8.50, 4.00, 'A', 1, 1, '2025-12-07 21:27:10'),
('g_enr_2400033_MA1008_L01_2023-1', '2400033', 'MA1008_L01_2023-1', 'MA1008', 7.30, 6.50, NULL, 5.70, 6.30, 2.00, 'C', 1, 1, '2025-12-07 21:27:10'),
('g_enr_2400033_MA1012_L01_2023-1', '2400033', 'MA1012_L01_2023-1', 'MA1012', 7.70, 5.70, NULL, 6.90, 6.70, 2.50, 'C+', 1, 1, '2025-12-07 21:27:10'),
('g_enr_2400033_MA1019_L01_2022-2', '2400033', 'MA1019_L01_2022-2', 'MA1019', 7.60, 6.20, NULL, 6.10, 6.40, 2.00, 'C', 1, 1, '2025-12-07 21:27:10'),
('g_enr_2400033_PH1002_L01_2024-1', '2400033', 'PH1002_L01_2024-1', 'PH1002', 6.80, NULL, NULL, NULL, NULL, NULL, NULL, 0, 0, '2025-12-07 21:27:10'),
('g_enr_2400033_PH1013_L01_2023-1', '2400033', 'PH1013_L01_2023-1', 'PH1013', 9.70, 7.80, NULL, 9.80, 9.20, 4.00, 'A', 1, 1, '2025-12-07 21:27:10'),
('g_enr_2400034_CH1004_L01_2023-1', '2400034', 'CH1004_L01_2023-1', 'CH1004', 6.40, 9.90, NULL, 7.30, 7.90, 3.00, 'B', 1, 1, '2025-12-07 21:27:10'),
('g_enr_2400034_CH1014_L01_2022-2', '2400034', 'CH1014_L01_2022-2', 'CH1014', 7.00, 7.60, NULL, 7.50, 7.40, 3.00, 'B', 1, 1, '2025-12-07 21:27:10'),
('g_enr_2400034_CO1001_L01_2022-2', '2400034', 'CO1001_L01_2022-2', 'CO1001', 7.70, 7.80, NULL, 6.10, 6.90, 2.50, 'C+', 1, 1, '2025-12-07 21:27:10'),
('g_enr_2400034_CO1006_L01_2023-1', '2400034', 'CO1006_L01_2023-1', 'CO1006', 9.70, 7.80, NULL, 8.90, 8.70, 4.00, 'A', 1, 1, '2025-12-07 21:27:10'),
('g_enr_2400034_CO1011_L01_2022-2', '2400034', 'CO1011_L01_2022-2', 'CO1011', 7.30, 6.90, NULL, 9.20, 8.10, 3.50, 'B+', 1, 1, '2025-12-07 21:27:10'),
('g_enr_2400034_CO1018_L01_2022-2', '2400034', 'CO1018_L01_2022-2', 'CO1018', 9.50, 6.70, NULL, 9.80, 8.80, 4.00, 'A', 1, 1, '2025-12-07 21:27:10'),
('g_enr_2400034_CS1009_L01_2022-2', '2400034', 'CS1009_L01_2022-2', 'CS1009', 7.00, 8.00, NULL, 6.00, 6.80, 2.50, 'C+', 1, 1, '2025-12-07 21:27:10'),
('g_enr_2400034_CS1016_L01_2023-2', '2400034', 'CS1016_L01_2023-2', 'CS1016', 9.40, 9.60, NULL, 6.90, 8.20, 3.50, 'B+', 1, 1, '2025-12-07 21:27:10'),
('g_enr_2400034_CS1020_L01_2023-2', '2400034', 'CS1020_L01_2023-2', 'CS1020', 7.50, 7.70, NULL, 6.80, 7.20, 3.00, 'B', 1, 1, '2025-12-07 21:27:10'),
('g_enr_2400034_EE1010_L01_2023-2', '2400034', 'EE1010_L01_2023-2', 'EE1010', 8.30, 7.10, NULL, 5.80, 6.70, 2.50, 'C+', 1, 1, '2025-12-07 21:27:10'),
('g_enr_2400034_EE1017_L01_2023-1', '2400034', 'EE1017_L01_2023-1', 'EE1017', 8.00, 8.30, NULL, 8.40, 8.30, 3.50, 'B+', 1, 1, '2025-12-07 21:27:10'),
('g_enr_2400034_EN1005_L01_2023-2', '2400034', 'EN1005_L01_2023-2', 'EN1005', 7.00, 9.10, NULL, 9.80, 9.00, 4.00, 'A', 1, 1, '2025-12-07 21:27:10'),
('g_enr_2400034_MA1003_L01_2024-1', '2400034', 'MA1003_L01_2024-1', 'MA1003', 8.00, NULL, NULL, NULL, NULL, NULL, NULL, 0, 0, '2025-12-07 21:27:10'),
('g_enr_2400034_MA1008_L01_2023-2', '2400034', 'MA1008_L01_2023-2', 'MA1008', 6.50, 10.00, NULL, 7.40, 8.00, 3.50, 'B+', 1, 1, '2025-12-07 21:27:10'),
('g_enr_2400034_MA1019_L01_2023-1', '2400034', 'MA1019_L01_2023-1', 'MA1019', 6.60, 6.30, NULL, 9.70, 8.10, 3.50, 'B+', 1, 1, '2025-12-07 21:27:10'),
('g_enr_2400034_PH1002_L01_2024-1', '2400034', 'PH1002_L01_2024-1', 'PH1002', 8.60, NULL, NULL, NULL, NULL, NULL, NULL, 0, 0, '2025-12-07 21:27:10'),
('g_enr_2400034_PH1013_L01_2023-1', '2400034', 'PH1013_L01_2023-1', 'PH1013', 6.10, 9.70, NULL, 9.80, 9.00, 4.00, 'A', 1, 1, '2025-12-07 21:27:10'),
('g_enr_2400035_CH1004_L01_2023-1', '2400035', 'CH1004_L01_2023-1', 'CH1004', 6.10, 8.60, NULL, 7.70, 7.70, 3.00, 'B', 1, 1, '2025-12-07 21:27:10'),
('g_enr_2400035_CH1014_L01_2023-1', '2400035', 'CH1014_L01_2023-1', 'CH1014', 7.80, 6.20, NULL, 8.50, 7.70, 3.00, 'B', 1, 1, '2025-12-07 21:27:10'),
('g_enr_2400035_CO1001_L01_2023-2', '2400035', 'CO1001_L01_2023-2', 'CO1001', 7.20, 9.10, NULL, 5.40, 6.90, 2.50, 'C+', 1, 1, '2025-12-07 21:27:10'),
('g_enr_2400035_CO1006_L01_2024-1', '2400035', 'CO1006_L01_2024-1', 'CO1006', 8.60, NULL, NULL, NULL, NULL, NULL, NULL, 0, 0, '2025-12-07 21:27:10'),
('g_enr_2400035_CO1011_L01_2022-2', '2400035', 'CO1011_L01_2022-2', 'CO1011', 10.00, 8.20, NULL, 5.20, 7.10, 3.00, 'B', 1, 1, '2025-12-07 21:27:10'),
('g_enr_2400035_CO1018_L01_2023-1', '2400035', 'CO1018_L01_2023-1', 'CO1018', 7.80, 5.30, NULL, 8.20, 7.20, 3.00, 'B', 1, 1, '2025-12-07 21:27:10'),
('g_enr_2400035_CS1009_L01_2023-1', '2400035', 'CS1009_L01_2023-1', 'CS1009', 7.60, 6.90, NULL, 7.40, 7.30, 3.00, 'B', 1, 1, '2025-12-07 21:27:10'),
('g_enr_2400035_EE1010_L01_2023-1', '2400035', 'EE1010_L01_2023-1', 'EE1010', 9.70, 7.60, NULL, 6.20, 7.30, 3.00, 'B', 1, 1, '2025-12-07 21:27:10'),
('g_enr_2400035_EE1017_L01_2022-2', '2400035', 'EE1017_L01_2022-2', 'EE1017', 6.30, 5.80, NULL, 6.10, 6.00, 2.00, 'C', 1, 1, '2025-12-07 21:27:10'),
('g_enr_2400035_EN1005_L01_2024-1', '2400035', 'EN1005_L01_2024-1', 'EN1005', 9.40, NULL, NULL, NULL, NULL, NULL, NULL, 0, 0, '2025-12-07 21:27:10'),
('g_enr_2400035_EN1015_L01_2023-2', '2400035', 'EN1015_L01_2023-2', 'EN1015', 9.70, 9.60, NULL, 8.30, 9.00, 4.00, 'A', 1, 1, '2025-12-07 21:27:10'),
('g_enr_2400035_MA1003_L01_2023-2', '2400035', 'MA1003_L01_2023-2', 'MA1003', 8.50, 8.50, NULL, 5.40, 7.00, 3.00, 'B', 1, 1, '2025-12-07 21:27:10'),
('g_enr_2400035_MA1008_L01_2023-2', '2400035', 'MA1008_L01_2023-2', 'MA1008', 7.10, 7.50, NULL, 8.50, 7.90, 3.00, 'B', 1, 1, '2025-12-07 21:27:10'),
('g_enr_2400035_MA1019_L01_2022-2', '2400035', 'MA1019_L01_2022-2', 'MA1019', 9.20, 5.40, NULL, 9.80, 8.40, 3.50, 'B+', 1, 1, '2025-12-07 21:27:10'),
('g_enr_2400035_PH1002_L01_2023-2', '2400035', 'PH1002_L01_2023-2', 'PH1002', 8.50, 6.30, NULL, 6.80, 7.00, 3.00, 'B', 1, 1, '2025-12-07 21:27:10'),
('g_enr_2400035_PH1007_L01_2022-2', '2400035', 'PH1007_L01_2022-2', 'PH1007', 7.70, 9.70, NULL, 5.90, 7.40, 3.00, 'B', 1, 1, '2025-12-07 21:27:10'),
('g_enr_2400035_PH1013_L01_2022-2', '2400035', 'PH1013_L01_2022-2', 'PH1013', 6.10, 7.70, NULL, 7.10, 7.10, 3.00, 'B', 1, 1, '2025-12-07 21:27:10'),
('g_enr_2400036_CH1004_L01_2024-1', '2400036', 'CH1004_L01_2024-1', 'CH1004', 6.40, NULL, NULL, NULL, NULL, NULL, NULL, 0, 0, '2025-12-07 21:27:10'),
('g_enr_2400036_CH1014_L01_2023-2', '2400036', 'CH1014_L01_2023-2', 'CH1014', 7.20, 7.80, NULL, 7.80, 7.70, 3.00, 'B', 1, 1, '2025-12-07 21:27:10'),
('g_enr_2400036_CO1001_L01_2023-2', '2400036', 'CO1001_L01_2023-2', 'CO1001', 8.40, 9.80, NULL, 6.60, 7.90, 3.00, 'B', 1, 1, '2025-12-07 21:27:10'),
('g_enr_2400036_CO1006_L01_2022-2', '2400036', 'CO1006_L01_2022-2', 'CO1006', 7.40, 5.50, NULL, 6.20, 6.20, 2.00, 'C', 1, 1, '2025-12-07 21:27:10'),
('g_enr_2400036_CO1018_L01_2023-2', '2400036', 'CO1018_L01_2023-2', 'CO1018', 9.10, 5.80, NULL, 6.90, 7.00, 3.00, 'B', 1, 1, '2025-12-07 21:27:10'),
('g_enr_2400036_CS1009_L01_2022-2', '2400036', 'CS1009_L01_2022-2', 'CS1009', 9.40, 8.40, NULL, 7.70, 8.20, 3.50, 'B+', 1, 1, '2025-12-07 21:27:10'),
('g_enr_2400036_CS1016_L01_2023-1', '2400036', 'CS1016_L01_2023-1', 'CS1016', 6.30, 8.00, NULL, 8.10, 7.70, 3.00, 'B', 1, 1, '2025-12-07 21:27:10'),
('g_enr_2400036_CS1020_L01_2023-1', '2400036', 'CS1020_L01_2023-1', 'CS1020', 9.30, 9.10, NULL, 9.60, 9.40, 4.00, 'A', 1, 1, '2025-12-07 21:27:10'),
('g_enr_2400036_EE1010_L01_2023-2', '2400036', 'EE1010_L01_2023-2', 'EE1010', 6.70, 7.90, NULL, 6.90, 7.20, 3.00, 'B', 1, 1, '2025-12-07 21:27:10'),
('g_enr_2400036_EN1005_L01_2022-2', '2400036', 'EN1005_L01_2022-2', 'EN1005', 8.50, 8.90, NULL, 7.30, 8.00, 3.50, 'B+', 1, 1, '2025-12-07 21:27:10'),
('g_enr_2400036_EN1015_L01_2023-1', '2400036', 'EN1015_L01_2023-1', 'EN1015', 6.30, 6.30, NULL, 6.90, 6.60, 2.50, 'C+', 1, 1, '2025-12-07 21:27:10'),
('g_enr_2400036_MA1003_L01_2023-2', '2400036', 'MA1003_L01_2023-2', 'MA1003', 8.80, 5.40, NULL, 8.70, 7.70, 3.00, 'B', 1, 1, '2025-12-07 21:27:10'),
('g_enr_2400036_MA1008_L01_2023-1', '2400036', 'MA1008_L01_2023-1', 'MA1008', 6.90, 7.80, NULL, 6.90, 7.20, 3.00, 'B', 1, 1, '2025-12-07 21:27:10'),
('g_enr_2400036_MA1012_L01_2022-2', '2400036', 'MA1012_L01_2022-2', 'MA1012', 9.10, 6.50, NULL, 6.20, 6.90, 2.50, 'C+', 1, 1, '2025-12-07 21:27:10'),
('g_enr_2400036_PH1002_L01_2024-1', '2400036', 'PH1002_L01_2024-1', 'PH1002', 7.40, NULL, NULL, NULL, NULL, NULL, NULL, 0, 0, '2025-12-07 21:27:10'),
('g_enr_2400036_PH1007_L01_2022-2', '2400036', 'PH1007_L01_2022-2', 'PH1007', 6.10, 6.00, NULL, 5.70, 5.90, 2.00, 'C', 1, 1, '2025-12-07 21:27:10'),
('g_enr_2400036_PH1013_L01_2023-1', '2400036', 'PH1013_L01_2023-1', 'PH1013', 7.50, 8.70, NULL, 9.00, 8.60, 4.00, 'A', 1, 1, '2025-12-07 21:27:10'),
('g_enr_2400037_CH1004_L01_2024-1', '2400037', 'CH1004_L01_2024-1', 'CH1004', 8.50, NULL, NULL, NULL, NULL, NULL, NULL, 0, 0, '2025-12-07 21:27:10'),
('g_enr_2400037_CH1014_L01_2022-2', '2400037', 'CH1014_L01_2022-2', 'CH1014', 8.40, 8.90, NULL, 9.30, 9.00, 4.00, 'A', 1, 1, '2025-12-07 21:27:10'),
('g_enr_2400037_CO1001_L01_2022-2', '2400037', 'CO1001_L01_2022-2', 'CO1001', 7.20, 8.90, NULL, 6.80, 7.50, 3.00, 'B', 1, 1, '2025-12-07 21:27:10'),
('g_enr_2400037_CO1006_L01_2023-1', '2400037', 'CO1006_L01_2023-1', 'CO1006', 6.70, 6.30, NULL, 6.30, 6.40, 2.00, 'C', 1, 1, '2025-12-07 21:27:10'),
('g_enr_2400037_CO1011_L01_2023-2', '2400037', 'CO1011_L01_2023-2', 'CO1011', 6.60, 5.80, NULL, 6.40, 6.30, 2.00, 'C', 1, 1, '2025-12-07 21:27:10'),
('g_enr_2400037_CO1018_L01_2023-1', '2400037', 'CO1018_L01_2023-1', 'CO1018', 9.80, 8.60, NULL, 7.50, 8.30, 3.50, 'B+', 1, 1, '2025-12-07 21:27:10'),
('g_enr_2400037_CS1009_L01_2024-1', '2400037', 'CS1009_L01_2024-1', 'CS1009', 9.90, NULL, NULL, NULL, NULL, NULL, NULL, 0, 0, '2025-12-07 21:27:10'),
('g_enr_2400037_CS1016_L01_2023-2', '2400037', 'CS1016_L01_2023-2', 'CS1016', 8.90, 7.80, NULL, 10.00, 9.10, 4.00, 'A', 1, 1, '2025-12-07 21:27:10'),
('g_enr_2400037_CS1020_L01_2023-2', '2400037', 'CS1020_L01_2023-2', 'CS1020', 8.50, 7.30, NULL, 5.70, 6.70, 2.50, 'C+', 1, 1, '2025-12-07 21:27:10'),
('g_enr_2400037_EE1017_L01_2022-2', '2400037', 'EE1017_L01_2022-2', 'EE1017', 6.00, 7.00, NULL, 9.20, 7.90, 3.00, 'B', 1, 1, '2025-12-07 21:27:10'),
('g_enr_2400037_EN1005_L01_2023-1', '2400037', 'EN1005_L01_2023-1', 'EN1005', 6.00, 7.10, NULL, 8.90, 7.80, 3.00, 'B', 1, 1, '2025-12-07 21:27:10'),
('g_enr_2400037_MA1003_L01_2023-2', '2400037', 'MA1003_L01_2023-2', 'MA1003', 7.60, 6.60, NULL, 8.70, 7.80, 3.00, 'B', 1, 1, '2025-12-07 21:27:10'),
('g_enr_2400037_MA1008_L01_2023-1', '2400037', 'MA1008_L01_2023-1', 'MA1008', 7.50, 9.30, NULL, 7.20, 7.90, 3.00, 'B', 1, 1, '2025-12-07 21:27:10'),
('g_enr_2400037_MA1019_L01_2022-2', '2400037', 'MA1019_L01_2022-2', 'MA1019', 8.40, 6.50, NULL, 8.00, 7.60, 3.00, 'B', 1, 1, '2025-12-07 21:27:10'),
('g_enr_2400037_PH1002_L01_2023-1', '2400037', 'PH1002_L01_2023-1', 'PH1002', 8.80, 7.40, NULL, 5.90, 6.90, 2.50, 'C+', 1, 1, '2025-12-07 21:27:10'),
('g_enr_2400037_PH1007_L01_2023-2', '2400037', 'PH1007_L01_2023-2', 'PH1007', 7.70, 9.10, NULL, 8.30, 8.40, 3.50, 'B+', 1, 1, '2025-12-07 21:27:10'),
('g_enr_2400037_PH1013_L01_2022-2', '2400037', 'PH1013_L01_2022-2', 'PH1013', 7.00, 7.60, NULL, 8.40, 7.90, 3.00, 'B', 1, 1, '2025-12-07 21:27:10'),
('g_enr_2400038_CH1004_L01_2023-2', '2400038', 'CH1004_L01_2023-2', 'CH1004', 7.70, 5.10, NULL, 6.30, 6.20, 2.00, 'C', 1, 1, '2025-12-07 21:27:10'),
('g_enr_2400038_CH1014_L01_2023-1', '2400038', 'CH1014_L01_2023-1', 'CH1014', 7.60, 7.50, NULL, 9.60, 8.60, 4.00, 'A', 1, 1, '2025-12-07 21:27:10'),
('g_enr_2400038_CO1001_L01_2023-1', '2400038', 'CO1001_L01_2023-1', 'CO1001', 8.60, 5.40, NULL, 8.80, 7.70, 3.00, 'B', 1, 1, '2025-12-07 21:27:10'),
('g_enr_2400038_CO1006_L01_2023-2', '2400038', 'CO1006_L01_2023-2', 'CO1006', 9.10, 7.90, NULL, 7.50, 7.90, 3.00, 'B', 1, 1, '2025-12-07 21:27:10'),
('g_enr_2400038_CS1009_L01_2024-1', '2400038', 'CS1009_L01_2024-1', 'CS1009', 6.10, NULL, NULL, NULL, NULL, NULL, NULL, 0, 0, '2025-12-07 21:27:10'),
('g_enr_2400038_CS1016_L01_2023-1', '2400038', 'CS1016_L01_2023-1', 'CS1016', 7.60, 8.80, NULL, 9.80, 9.10, 4.00, 'A', 1, 1, '2025-12-07 21:27:10'),
('g_enr_2400038_CS1020_L01_2023-1', '2400038', 'CS1020_L01_2023-1', 'CS1020', 8.00, 8.20, NULL, 6.20, 7.20, 3.00, 'B', 1, 1, '2025-12-07 21:27:10'),
('g_enr_2400038_EE1010_L01_2022-2', '2400038', 'EE1010_L01_2022-2', 'EE1010', 8.00, 7.60, NULL, 7.90, 7.80, 3.00, 'B', 1, 1, '2025-12-07 21:27:10'),
('g_enr_2400038_EE1017_L01_2022-2', '2400038', 'EE1017_L01_2022-2', 'EE1017', 6.20, 9.90, NULL, 8.40, 8.40, 3.50, 'B+', 1, 1, '2025-12-07 21:27:10'),
('g_enr_2400038_EN1005_L01_2023-2', '2400038', 'EN1005_L01_2023-2', 'EN1005', 8.60, 8.60, NULL, 8.90, 8.80, 4.00, 'A', 1, 1, '2025-12-07 21:27:10'),
('g_enr_2400038_EN1015_L01_2022-2', '2400038', 'EN1015_L01_2022-2', 'EN1015', 7.40, 9.50, NULL, 7.70, 8.20, 3.50, 'B+', 1, 1, '2025-12-07 21:27:10'),
('g_enr_2400038_MA1003_L01_2023-2', '2400038', 'MA1003_L01_2023-2', 'MA1003', 8.60, 6.80, NULL, 8.20, 7.90, 3.00, 'B', 1, 1, '2025-12-07 21:27:10'),
('g_enr_2400038_MA1008_L01_2024-1', '2400038', 'MA1008_L01_2024-1', 'MA1008', 7.40, NULL, NULL, NULL, NULL, NULL, NULL, 0, 0, '2025-12-07 21:27:10'),
('g_enr_2400038_MA1012_L01_2023-2', '2400038', 'MA1012_L01_2023-2', 'MA1012', 8.80, 7.70, NULL, 9.00, 8.60, 4.00, 'A', 1, 1, '2025-12-07 21:27:10'),
('g_enr_2400038_MA1019_L01_2022-2', '2400038', 'MA1019_L01_2022-2', 'MA1019', 9.30, 9.00, NULL, 7.00, 8.10, 3.50, 'B+', 1, 1, '2025-12-07 21:27:10'),
('g_enr_2400038_PH1002_L01_2023-1', '2400038', 'PH1002_L01_2023-1', 'PH1002', 8.30, 7.20, NULL, 7.00, 7.30, 3.00, 'B', 1, 1, '2025-12-07 21:27:10'),
('g_enr_2400038_PH1007_L01_2022-2', '2400038', 'PH1007_L01_2022-2', 'PH1007', 6.30, 10.00, NULL, 7.40, 8.00, 3.50, 'B+', 1, 1, '2025-12-07 21:27:10'),
('g_enr_2400039_CH1004_L01_2024-1', '2400039', 'CH1004_L01_2024-1', 'CH1004', 8.70, NULL, NULL, NULL, NULL, NULL, NULL, 0, 0, '2025-12-07 21:27:10'),
('g_enr_2400039_CO1001_L01_2023-2', '2400039', 'CO1001_L01_2023-2', 'CO1001', 7.40, 5.50, NULL, 9.00, 7.60, 3.00, 'B', 1, 1, '2025-12-07 21:27:10'),
('g_enr_2400039_CO1006_L01_2023-2', '2400039', 'CO1006_L01_2023-2', 'CO1006', 7.50, 6.00, NULL, 5.60, 6.10, 2.00, 'C', 1, 1, '2025-12-07 21:27:10'),
('g_enr_2400039_CO1011_L01_2022-2', '2400039', 'CO1011_L01_2022-2', 'CO1011', 6.70, 8.30, NULL, 7.00, 7.30, 3.00, 'B', 1, 1, '2025-12-07 21:27:10'),
('g_enr_2400039_CO1018_L01_2023-2', '2400039', 'CO1018_L01_2023-2', 'CO1018', 6.50, 6.80, NULL, 7.30, 7.00, 3.00, 'B', 1, 1, '2025-12-07 21:27:10'),
('g_enr_2400039_CS1009_L01_2023-2', '2400039', 'CS1009_L01_2023-2', 'CS1009', 7.80, 9.00, NULL, 8.10, 8.30, 3.50, 'B+', 1, 1, '2025-12-07 21:27:10'),
('g_enr_2400039_CS1016_L01_2023-1', '2400039', 'CS1016_L01_2023-1', 'CS1016', 8.90, 9.40, NULL, 7.20, 8.20, 3.50, 'B+', 1, 1, '2025-12-07 21:27:10'),
('g_enr_2400039_EE1017_L01_2022-2', '2400039', 'EE1017_L01_2022-2', 'EE1017', 8.70, 7.40, NULL, 9.80, 8.90, 4.00, 'A', 1, 1, '2025-12-07 21:27:10'),
('g_enr_2400039_EN1005_L01_2023-1', '2400039', 'EN1005_L01_2023-1', 'EN1005', 8.30, 9.00, NULL, 7.70, 8.20, 3.50, 'B+', 1, 1, '2025-12-07 21:27:10'),
('g_enr_2400039_EN1015_L01_2022-2', '2400039', 'EN1015_L01_2022-2', 'EN1015', 7.10, 8.50, NULL, 9.00, 8.50, 4.00, 'A', 1, 1, '2025-12-07 21:27:10'),
('g_enr_2400039_MA1003_L01_2024-1', '2400039', 'MA1003_L01_2024-1', 'MA1003', 6.70, NULL, NULL, NULL, NULL, NULL, NULL, 0, 0, '2025-12-07 21:27:10'),
('g_enr_2400039_MA1008_L01_2023-2', '2400039', 'MA1008_L01_2023-2', 'MA1008', 7.70, 5.00, NULL, 6.10, 6.10, 2.00, 'C', 1, 1, '2025-12-07 21:27:10'),
('g_enr_2400039_MA1012_L01_2023-1', '2400039', 'MA1012_L01_2023-1', 'MA1012', 7.30, 6.90, NULL, 7.00, 7.00, 3.00, 'B', 1, 1, '2025-12-07 21:27:10'),
('g_enr_2400039_MA1019_L01_2022-2', '2400039', 'MA1019_L01_2022-2', 'MA1019', 9.70, 8.70, NULL, 7.60, 8.30, 3.50, 'B+', 1, 1, '2025-12-07 21:27:10'),
('g_enr_2400039_PH1002_L01_2023-1', '2400039', 'PH1002_L01_2023-1', 'PH1002', 6.20, 8.60, NULL, 5.10, 6.40, 2.00, 'C', 1, 1, '2025-12-07 21:27:10'),
('g_enr_2400039_PH1007_L01_2022-2', '2400039', 'PH1007_L01_2022-2', 'PH1007', 8.90, 7.30, NULL, 5.30, 6.60, 2.50, 'C+', 1, 1, '2025-12-07 21:27:10'),
('g_enr_2400039_PH1013_L01_2023-1', '2400039', 'PH1013_L01_2023-1', 'PH1013', 8.20, 6.70, NULL, 7.10, 7.20, 3.00, 'B', 1, 1, '2025-12-07 21:27:10'),
('g_enr_2400040_CH1004_L01_2023-1', '2400040', 'CH1004_L01_2023-1', 'CH1004', 9.00, 7.20, NULL, 6.10, 7.00, 3.00, 'B', 1, 1, '2025-12-07 21:27:10'),
('g_enr_2400040_CH1014_L01_2022-2', '2400040', 'CH1014_L01_2022-2', 'CH1014', 8.00, 8.60, NULL, 7.20, 7.80, 3.00, 'B', 1, 1, '2025-12-07 21:27:10'),
('g_enr_2400040_CO1001_L01_2023-1', '2400040', 'CO1001_L01_2023-1', 'CO1001', 9.70, 5.90, NULL, 5.80, 6.60, 2.50, 'C+', 1, 1, '2025-12-07 21:27:10'),
('g_enr_2400040_CO1006_L01_2022-2', '2400040', 'CO1006_L01_2022-2', 'CO1006', 7.20, 8.90, NULL, 7.80, 8.00, 3.50, 'B+', 1, 1, '2025-12-07 21:27:10'),
('g_enr_2400040_CO1018_L01_2023-1', '2400040', 'CO1018_L01_2023-1', 'CO1018', 9.10, 7.50, NULL, 7.60, 7.90, 3.00, 'B', 1, 1, '2025-12-07 21:27:10'),
('g_enr_2400040_CS1009_L01_2022-2', '2400040', 'CS1009_L01_2022-2', 'CS1009', 7.90, 7.70, NULL, 9.60, 8.70, 4.00, 'A', 1, 1, '2025-12-07 21:27:10'),
('g_enr_2400040_CS1016_L01_2023-2', '2400040', 'CS1016_L01_2023-2', 'CS1016', 6.90, 5.20, NULL, 6.10, 6.00, 2.00, 'C', 1, 1, '2025-12-07 21:27:10'),
('g_enr_2400040_CS1020_L01_2023-2', '2400040', 'CS1020_L01_2023-2', 'CS1020', 7.20, 5.90, NULL, 9.20, 7.80, 3.00, 'B', 1, 1, '2025-12-07 21:27:10'),
('g_enr_2400040_EE1017_L01_2022-2', '2400040', 'EE1017_L01_2022-2', 'EE1017', 10.00, 7.70, NULL, 8.80, 8.70, 4.00, 'A', 1, 1, '2025-12-07 21:27:10'),
('g_enr_2400040_EN1005_L01_2024-1', '2400040', 'EN1005_L01_2024-1', 'EN1005', 9.50, NULL, NULL, NULL, NULL, NULL, NULL, 0, 0, '2025-12-07 21:27:10');
INSERT INTO `grades` (`id`, `student_id`, `class_id`, `course_id`, `score_component`, `score_midterm`, `score_project`, `score_final`, `final_score_10`, `final_score_4`, `letter_grade`, `is_submitted`, `is_locked`, `updated_at`) VALUES
('g_enr_2400040_EN1015_L01_2023-2', '2400040', 'EN1015_L01_2023-2', 'EN1015', 8.30, 6.30, NULL, 7.70, 7.40, 3.00, 'B', 1, 1, '2025-12-07 21:27:10'),
('g_enr_2400040_MA1003_L01_2024-1', '2400040', 'MA1003_L01_2024-1', 'MA1003', 7.00, NULL, NULL, NULL, NULL, NULL, NULL, 0, 0, '2025-12-07 21:27:10'),
('g_enr_2400040_MA1008_L01_2022-2', '2400040', 'MA1008_L01_2022-2', 'MA1008', 8.50, 9.30, NULL, 9.80, 9.40, 4.00, 'A', 1, 1, '2025-12-07 21:27:10'),
('g_enr_2400040_MA1012_L01_2023-1', '2400040', 'MA1012_L01_2023-1', 'MA1012', 7.90, 6.00, NULL, 6.90, 6.80, 2.50, 'C+', 1, 1, '2025-12-07 21:27:10'),
('g_enr_2400040_PH1002_L01_2023-2', '2400040', 'PH1002_L01_2023-2', 'PH1002', 7.70, 8.70, NULL, 8.30, 8.30, 3.50, 'B+', 1, 1, '2025-12-07 21:27:10'),
('g_enr_2400040_PH1007_L01_2023-1', '2400040', 'PH1007_L01_2023-1', 'PH1007', 6.70, 7.80, NULL, 9.00, 8.20, 3.50, 'B+', 1, 1, '2025-12-07 21:27:10'),
('g_enr_2400040_PH1013_L01_2023-2', '2400040', 'PH1013_L01_2023-2', 'PH1013', 8.20, 8.30, NULL, 7.00, 7.60, 3.00, 'B', 1, 1, '2025-12-07 21:27:10');

-- --------------------------------------------------------

--
-- Cấu trúc bảng cho bảng `grade_configs`
--

CREATE TABLE `grade_configs` (
  `id` int(11) NOT NULL,
  `course_id` varchar(50) NOT NULL,
  `teacher_id` varchar(50) NOT NULL,
  `weight_component` int(11) NOT NULL DEFAULT 10,
  `weight_midterm` int(11) NOT NULL DEFAULT 30,
  `weight_project` int(11) NOT NULL DEFAULT 20,
  `weight_final` int(11) NOT NULL DEFAULT 40
) ENGINE=InnoDB DEFAULT CHARSET=utf8mb4 COLLATE=utf8mb4_unicode_ci;

--
-- Đang đổ dữ liệu cho bảng `grade_configs`
--

INSERT INTO `grade_configs` (`id`, `course_id`, `teacher_id`, `weight_component`, `weight_midterm`, `weight_project`, `weight_final`) VALUES
(1, 'CO1001', 'a2400001', 20, 30, 0, 50),
(2, 'PH1002', 'a2400002', 15, 25, 10, 50),
(3, 'MA1003', 'a2400003', 10, 30, 0, 60),
(4, 'CH1004', 'a2400004', 20, 30, 0, 50),
(5, 'EN1005', 'a2400005', 30, 20, 20, 30),
(6, 'CO1006', 'a2400001', 20, 30, 0, 50),
(7, 'PH1007', 'a2400002', 15, 25, 10, 50),
(8, 'MA1008', 'a2400003', 10, 30, 0, 60),
(9, 'CS1009', 'a2400004', 20, 30, 20, 30),
(10, 'EE1010', 'a2400005', 20, 30, 0, 50),
(11, 'CO1011', 'a2400001', 20, 30, 0, 50),
(12, 'MA1012', 'a2400002', 10, 30, 0, 60),
(13, 'PH1013', 'a2400003', 15, 25, 10, 50),
(14, 'CH1014', 'a2400004', 20, 30, 0, 50),
(15, 'EN1015', 'a2400005', 30, 20, 20, 30),
(16, 'CS1016', 'a2400001', 20, 30, 20, 30),
(17, 'EE1017', 'a2400002', 20, 30, 0, 50),
(18, 'CO1018', 'a2400003', 20, 30, 0, 50),
(19, 'MA1019', 'a2400004', 10, 30, 0, 60),
(20, 'CS1020', 'a2400005', 20, 30, 20, 30);

-- --------------------------------------------------------

--
-- Cấu trúc bảng cho bảng `teaching_assignments`
--

CREATE TABLE `teaching_assignments` (
  `id` varchar(50) NOT NULL,
  `teacher_id` varchar(50) NOT NULL,
  `course_id` varchar(50) NOT NULL,
  `class_id` varchar(100) NOT NULL
) ENGINE=InnoDB DEFAULT CHARSET=utf8mb4 COLLATE=utf8mb4_unicode_ci;

--
-- Đang đổ dữ liệu cho bảng `teaching_assignments`
--

INSERT INTO `teaching_assignments` (`id`, `teacher_id`, `course_id`, `class_id`) VALUES
('assign_CH1004_L01_2022-2', 'a2400003', 'CH1004', 'CH1004_L01_2022-2'),
('assign_CH1004_L01_2023-1', 'a2400004', 'CH1004', 'CH1004_L01_2023-1'),
('assign_CH1004_L01_2023-2', 'a2400004', 'CH1004', 'CH1004_L01_2023-2'),
('assign_CH1004_L01_2024-1', 'a2400004', 'CH1004', 'CH1004_L01_2024-1'),
('assign_CH1004_L02_2022-2', 'a2400004', 'CH1004', 'CH1004_L02_2022-2'),
('assign_CH1004_L03_2022-2', 'a2400005', 'CH1004', 'CH1004_L03_2022-2'),
('assign_CH1004_L04_2022-2', 'a2400001', 'CH1004', 'CH1004_L04_2022-2'),
('assign_CH1014_L01_2022-2', 'a2400003', 'CH1014', 'CH1014_L01_2022-2'),
('assign_CH1014_L01_2023-1', 'a2400004', 'CH1014', 'CH1014_L01_2023-1'),
('assign_CH1014_L01_2023-2', 'a2400004', 'CH1014', 'CH1014_L01_2023-2'),
('assign_CH1014_L01_2024-1', 'a2400004', 'CH1014', 'CH1014_L01_2024-1'),
('assign_CH1014_L02_2022-2', 'a2400004', 'CH1014', 'CH1014_L02_2022-2'),
('assign_CH1014_L03_2022-2', 'a2400005', 'CH1014', 'CH1014_L03_2022-2'),
('assign_CH1014_L04_2022-2', 'a2400001', 'CH1014', 'CH1014_L04_2022-2'),
('assign_CO1001_L01_2022-2', 'a2400001', 'CO1001', 'CO1001_L01_2022-2'),
('assign_CO1001_L01_2023-1', 'a2400001', 'CO1001', 'CO1001_L01_2023-1'),
('assign_CO1001_L01_2023-2', 'a2400001', 'CO1001', 'CO1001_L01_2023-2'),
('assign_CO1001_L01_2024-1', 'a2400001', 'CO1001', 'CO1001_L01_2024-1'),
('assign_CO1001_L02_2022-2', 'a2400002', 'CO1001', 'CO1001_L02_2022-2'),
('assign_CO1001_L03_2022-2', 'a2400003', 'CO1001', 'CO1001_L03_2022-2'),
('assign_CO1001_L04_2022-2', 'a2400004', 'CO1001', 'CO1001_L04_2022-2'),
('assign_CO1006_L01_2022-2', 'a2400001', 'CO1006', 'CO1006_L01_2022-2'),
('assign_CO1006_L01_2023-1', 'a2400001', 'CO1006', 'CO1006_L01_2023-1'),
('assign_CO1006_L01_2023-2', 'a2400001', 'CO1006', 'CO1006_L01_2023-2'),
('assign_CO1006_L01_2024-1', 'a2400001', 'CO1006', 'CO1006_L01_2024-1'),
('assign_CO1006_L02_2022-2', 'a2400002', 'CO1006', 'CO1006_L02_2022-2'),
('assign_CO1006_L03_2022-2', 'a2400003', 'CO1006', 'CO1006_L03_2022-2'),
('assign_CO1006_L04_2022-2', 'a2400004', 'CO1006', 'CO1006_L04_2022-2'),
('assign_CO1011_L01_2022-2', 'a2400001', 'CO1011', 'CO1011_L01_2022-2'),
('assign_CO1011_L01_2023-1', 'a2400001', 'CO1011', 'CO1011_L01_2023-1'),
('assign_CO1011_L01_2023-2', 'a2400001', 'CO1011', 'CO1011_L01_2023-2'),
('assign_CO1011_L01_2024-1', 'a2400001', 'CO1011', 'CO1011_L01_2024-1'),
('assign_CO1011_L02_2022-2', 'a2400002', 'CO1011', 'CO1011_L02_2022-2'),
('assign_CO1011_L03_2022-2', 'a2400003', 'CO1011', 'CO1011_L03_2022-2'),
('assign_CO1011_L04_2022-2', 'a2400004', 'CO1011', 'CO1011_L04_2022-2'),
('assign_CO1018_L01_2022-2', 'a2400004', 'CO1018', 'CO1018_L01_2022-2'),
('assign_CO1018_L01_2023-1', 'a2400003', 'CO1018', 'CO1018_L01_2023-1'),
('assign_CO1018_L01_2023-2', 'a2400003', 'CO1018', 'CO1018_L01_2023-2'),
('assign_CO1018_L01_2024-1', 'a2400003', 'CO1018', 'CO1018_L01_2024-1'),
('assign_CO1018_L02_2022-2', 'a2400005', 'CO1018', 'CO1018_L02_2022-2'),
('assign_CO1018_L03_2022-2', 'a2400001', 'CO1018', 'CO1018_L03_2022-2'),
('assign_CO1018_L04_2022-2', 'a2400002', 'CO1018', 'CO1018_L04_2022-2'),
('assign_CS1009_L01_2022-2', 'a2400003', 'CS1009', 'CS1009_L01_2022-2'),
('assign_CS1009_L01_2023-1', 'a2400004', 'CS1009', 'CS1009_L01_2023-1'),
('assign_CS1009_L01_2023-2', 'a2400004', 'CS1009', 'CS1009_L01_2023-2'),
('assign_CS1009_L01_2024-1', 'a2400004', 'CS1009', 'CS1009_L01_2024-1'),
('assign_CS1009_L02_2022-2', 'a2400004', 'CS1009', 'CS1009_L02_2022-2'),
('assign_CS1009_L03_2022-2', 'a2400005', 'CS1009', 'CS1009_L03_2022-2'),
('assign_CS1009_L04_2022-2', 'a2400001', 'CS1009', 'CS1009_L04_2022-2'),
('assign_CS1016_L01_2022-2', 'a2400001', 'CS1016', 'CS1016_L01_2022-2'),
('assign_CS1016_L01_2023-1', 'a2400001', 'CS1016', 'CS1016_L01_2023-1'),
('assign_CS1016_L01_2023-2', 'a2400001', 'CS1016', 'CS1016_L01_2023-2'),
('assign_CS1016_L01_2024-1', 'a2400001', 'CS1016', 'CS1016_L01_2024-1'),
('assign_CS1016_L02_2022-2', 'a2400002', 'CS1016', 'CS1016_L02_2022-2'),
('assign_CS1016_L03_2022-2', 'a2400003', 'CS1016', 'CS1016_L03_2022-2'),
('assign_CS1016_L04_2022-2', 'a2400004', 'CS1016', 'CS1016_L04_2022-2'),
('assign_CS1020_L01_2022-2', 'a2400002', 'CS1020', 'CS1020_L01_2022-2'),
('assign_CS1020_L01_2023-1', 'a2400005', 'CS1020', 'CS1020_L01_2023-1'),
('assign_CS1020_L01_2023-2', 'a2400005', 'CS1020', 'CS1020_L01_2023-2'),
('assign_CS1020_L01_2024-1', 'a2400005', 'CS1020', 'CS1020_L01_2024-1'),
('assign_CS1020_L02_2022-2', 'a2400003', 'CS1020', 'CS1020_L02_2022-2'),
('assign_CS1020_L03_2022-2', 'a2400004', 'CS1020', 'CS1020_L03_2022-2'),
('assign_CS1020_L04_2022-2', 'a2400005', 'CS1020', 'CS1020_L04_2022-2'),
('assign_EE1010_L01_2022-2', 'a2400002', 'EE1010', 'EE1010_L01_2022-2'),
('assign_EE1010_L01_2023-1', 'a2400005', 'EE1010', 'EE1010_L01_2023-1'),
('assign_EE1010_L01_2023-2', 'a2400005', 'EE1010', 'EE1010_L01_2023-2'),
('assign_EE1010_L01_2024-1', 'a2400005', 'EE1010', 'EE1010_L01_2024-1'),
('assign_EE1010_L02_2022-2', 'a2400003', 'EE1010', 'EE1010_L02_2022-2'),
('assign_EE1010_L03_2022-2', 'a2400004', 'EE1010', 'EE1010_L03_2022-2'),
('assign_EE1010_L04_2022-2', 'a2400005', 'EE1010', 'EE1010_L04_2022-2'),
('assign_EE1017_L01_2022-2', 'a2400005', 'EE1017', 'EE1017_L01_2022-2'),
('assign_EE1017_L01_2023-1', 'a2400002', 'EE1017', 'EE1017_L01_2023-1'),
('assign_EE1017_L01_2023-2', 'a2400002', 'EE1017', 'EE1017_L01_2023-2'),
('assign_EE1017_L01_2024-1', 'a2400002', 'EE1017', 'EE1017_L01_2024-1'),
('assign_EE1017_L02_2022-2', 'a2400001', 'EE1017', 'EE1017_L02_2022-2'),
('assign_EE1017_L03_2022-2', 'a2400002', 'EE1017', 'EE1017_L03_2022-2'),
('assign_EE1017_L04_2022-2', 'a2400003', 'EE1017', 'EE1017_L04_2022-2'),
('assign_EN1005_L01_2022-2', 'a2400002', 'EN1005', 'EN1005_L01_2022-2'),
('assign_EN1005_L01_2023-1', 'a2400005', 'EN1005', 'EN1005_L01_2023-1'),
('assign_EN1005_L01_2023-2', 'a2400005', 'EN1005', 'EN1005_L01_2023-2'),
('assign_EN1005_L01_2024-1', 'a2400005', 'EN1005', 'EN1005_L01_2024-1'),
('assign_EN1005_L02_2022-2', 'a2400003', 'EN1005', 'EN1005_L02_2022-2'),
('assign_EN1005_L03_2022-2', 'a2400004', 'EN1005', 'EN1005_L03_2022-2'),
('assign_EN1005_L04_2022-2', 'a2400005', 'EN1005', 'EN1005_L04_2022-2'),
('assign_EN1015_L01_2022-2', 'a2400002', 'EN1015', 'EN1015_L01_2022-2'),
('assign_EN1015_L01_2023-1', 'a2400005', 'EN1015', 'EN1015_L01_2023-1'),
('assign_EN1015_L01_2023-2', 'a2400005', 'EN1015', 'EN1015_L01_2023-2'),
('assign_EN1015_L01_2024-1', 'a2400005', 'EN1015', 'EN1015_L01_2024-1'),
('assign_EN1015_L02_2022-2', 'a2400003', 'EN1015', 'EN1015_L02_2022-2'),
('assign_EN1015_L03_2022-2', 'a2400004', 'EN1015', 'EN1015_L03_2022-2'),
('assign_EN1015_L04_2022-2', 'a2400005', 'EN1015', 'EN1015_L04_2022-2'),
('assign_MA1003_L01_2022-2', 'a2400004', 'MA1003', 'MA1003_L01_2022-2'),
('assign_MA1003_L01_2023-1', 'a2400003', 'MA1003', 'MA1003_L01_2023-1'),
('assign_MA1003_L01_2023-2', 'a2400003', 'MA1003', 'MA1003_L01_2023-2'),
('assign_MA1003_L01_2024-1', 'a2400003', 'MA1003', 'MA1003_L01_2024-1'),
('assign_MA1003_L02_2022-2', 'a2400005', 'MA1003', 'MA1003_L02_2022-2'),
('assign_MA1003_L03_2022-2', 'a2400001', 'MA1003', 'MA1003_L03_2022-2'),
('assign_MA1003_L04_2022-2', 'a2400002', 'MA1003', 'MA1003_L04_2022-2'),
('assign_MA1008_L01_2022-2', 'a2400004', 'MA1008', 'MA1008_L01_2022-2'),
('assign_MA1008_L01_2023-1', 'a2400003', 'MA1008', 'MA1008_L01_2023-1'),
('assign_MA1008_L01_2023-2', 'a2400003', 'MA1008', 'MA1008_L01_2023-2'),
('assign_MA1008_L01_2024-1', 'a2400003', 'MA1008', 'MA1008_L01_2024-1'),
('assign_MA1008_L02_2022-2', 'a2400005', 'MA1008', 'MA1008_L02_2022-2'),
('assign_MA1008_L03_2022-2', 'a2400001', 'MA1008', 'MA1008_L03_2022-2'),
('assign_MA1008_L04_2022-2', 'a2400002', 'MA1008', 'MA1008_L04_2022-2'),
('assign_MA1012_L01_2022-2', 'a2400005', 'MA1012', 'MA1012_L01_2022-2'),
('assign_MA1012_L01_2023-1', 'a2400002', 'MA1012', 'MA1012_L01_2023-1'),
('assign_MA1012_L01_2023-2', 'a2400002', 'MA1012', 'MA1012_L01_2023-2'),
('assign_MA1012_L01_2024-1', 'a2400002', 'MA1012', 'MA1012_L01_2024-1'),
('assign_MA1012_L02_2022-2', 'a2400001', 'MA1012', 'MA1012_L02_2022-2'),
('assign_MA1012_L03_2022-2', 'a2400002', 'MA1012', 'MA1012_L03_2022-2'),
('assign_MA1012_L04_2022-2', 'a2400003', 'MA1012', 'MA1012_L04_2022-2'),
('assign_MA1019_L01_2022-2', 'a2400003', 'MA1019', 'MA1019_L01_2022-2'),
('assign_MA1019_L01_2023-1', 'a2400004', 'MA1019', 'MA1019_L01_2023-1'),
('assign_MA1019_L01_2023-2', 'a2400004', 'MA1019', 'MA1019_L01_2023-2'),
('assign_MA1019_L01_2024-1', 'a2400004', 'MA1019', 'MA1019_L01_2024-1'),
('assign_MA1019_L02_2022-2', 'a2400004', 'MA1019', 'MA1019_L02_2022-2'),
('assign_MA1019_L03_2022-2', 'a2400005', 'MA1019', 'MA1019_L03_2022-2'),
('assign_MA1019_L04_2022-2', 'a2400001', 'MA1019', 'MA1019_L04_2022-2'),
('assign_PH1002_L01_2022-2', 'a2400005', 'PH1002', 'PH1002_L01_2022-2'),
('assign_PH1002_L01_2023-1', 'a2400002', 'PH1002', 'PH1002_L01_2023-1'),
('assign_PH1002_L01_2023-2', 'a2400002', 'PH1002', 'PH1002_L01_2023-2'),
('assign_PH1002_L01_2024-1', 'a2400002', 'PH1002', 'PH1002_L01_2024-1'),
('assign_PH1002_L02_2022-2', 'a2400001', 'PH1002', 'PH1002_L02_2022-2'),
('assign_PH1002_L03_2022-2', 'a2400002', 'PH1002', 'PH1002_L03_2022-2'),
('assign_PH1002_L04_2022-2', 'a2400003', 'PH1002', 'PH1002_L04_2022-2'),
('assign_PH1007_L01_2022-2', 'a2400005', 'PH1007', 'PH1007_L01_2022-2'),
('assign_PH1007_L01_2023-1', 'a2400002', 'PH1007', 'PH1007_L01_2023-1'),
('assign_PH1007_L01_2023-2', 'a2400002', 'PH1007', 'PH1007_L01_2023-2'),
('assign_PH1007_L01_2024-1', 'a2400002', 'PH1007', 'PH1007_L01_2024-1'),
('assign_PH1007_L02_2022-2', 'a2400001', 'PH1007', 'PH1007_L02_2022-2'),
('assign_PH1007_L03_2022-2', 'a2400002', 'PH1007', 'PH1007_L03_2022-2'),
('assign_PH1007_L04_2022-2', 'a2400003', 'PH1007', 'PH1007_L04_2022-2'),
('assign_PH1013_L01_2022-2', 'a2400004', 'PH1013', 'PH1013_L01_2022-2'),
('assign_PH1013_L01_2023-1', 'a2400003', 'PH1013', 'PH1013_L01_2023-1'),
('assign_PH1013_L01_2023-2', 'a2400003', 'PH1013', 'PH1013_L01_2023-2'),
('assign_PH1013_L01_2024-1', 'a2400003', 'PH1013', 'PH1013_L01_2024-1'),
('assign_PH1013_L02_2022-2', 'a2400005', 'PH1013', 'PH1013_L02_2022-2'),
('assign_PH1013_L03_2022-2', 'a2400001', 'PH1013', 'PH1013_L03_2022-2'),
('assign_PH1013_L04_2022-2', 'a2400002', 'PH1013', 'PH1013_L04_2022-2');

-- --------------------------------------------------------

--
-- Cấu trúc bảng cho bảng `users`
--

CREATE TABLE `users` (
  `id` varchar(50) NOT NULL COMMENT 'User ID (e.g., admin, a240001, 240001)',
  `name` varchar(100) NOT NULL,
  `email` varchar(100) NOT NULL COMMENT 'School Email',
  `password` varchar(255) NOT NULL DEFAULT '123' COMMENT 'Should be hashed in production',
  `phone` varchar(20) DEFAULT NULL,
  `address` text DEFAULT NULL,
  `personal_email` varchar(100) DEFAULT NULL,
  `role` enum('ADMIN','TEACHER','STUDENT') NOT NULL,
  `is_active` tinyint(1) NOT NULL DEFAULT 1,
  `created_at` timestamp NOT NULL DEFAULT current_timestamp()
) ENGINE=InnoDB DEFAULT CHARSET=utf8mb4 COLLATE=utf8mb4_unicode_ci;

--
-- Đang đổ dữ liệu cho bảng `users`
--

INSERT INTO `users` (`id`, `name`, `email`, `password`, `phone`, `address`, `personal_email`, `role`, `is_active`, `created_at`) VALUES
('1952705', 'Quách Nguyễn Hoàng', '1952705@student.uni.edu', '123', NULL, NULL, NULL, 'STUDENT', 1, '2025-12-07 21:28:06'),
('2400001', 'Sinh viên 1', '2400001@hcmut.edu.vn', '123', NULL, NULL, NULL, 'STUDENT', 1, '2025-12-07 21:27:10'),
('2400002', 'Sinh viên 2', '2400002@hcmut.edu.vn', '123', NULL, NULL, NULL, 'STUDENT', 1, '2025-12-07 21:27:10'),
('2400003', 'Sinh viên 3', '2400003@hcmut.edu.vn', '123', NULL, NULL, NULL, 'STUDENT', 1, '2025-12-07 21:27:10'),
('2400004', 'Sinh viên 4', '2400004@hcmut.edu.vn', '123', NULL, NULL, NULL, 'STUDENT', 1, '2025-12-07 21:27:10'),
('2400005', 'Sinh viên 5', '2400005@hcmut.edu.vn', '123', NULL, NULL, NULL, 'STUDENT', 1, '2025-12-07 21:27:10'),
('2400006', 'Sinh viên 6', '2400006@hcmut.edu.vn', '123', NULL, NULL, NULL, 'STUDENT', 1, '2025-12-07 21:27:10'),
('2400007', 'Sinh viên 7', '2400007@hcmut.edu.vn', '123', NULL, NULL, NULL, 'STUDENT', 1, '2025-12-07 21:27:10'),
('2400008', 'Sinh viên 8', '2400008@hcmut.edu.vn', '123', NULL, NULL, NULL, 'STUDENT', 1, '2025-12-07 21:27:10'),
('2400009', 'Sinh viên 9', '2400009@hcmut.edu.vn', '123', NULL, NULL, NULL, 'STUDENT', 1, '2025-12-07 21:27:10'),
('2400010', 'Sinh viên 10', '2400010@hcmut.edu.vn', '123', NULL, NULL, NULL, 'STUDENT', 1, '2025-12-07 21:27:10'),
('2400011', 'Sinh viên 11', '2400011@hcmut.edu.vn', '123', NULL, NULL, NULL, 'STUDENT', 1, '2025-12-07 21:27:10'),
('2400012', 'Sinh viên 12', '2400012@hcmut.edu.vn', '123', NULL, NULL, NULL, 'STUDENT', 1, '2025-12-07 21:27:10'),
('2400013', 'Sinh viên 13', '2400013@hcmut.edu.vn', '123', NULL, NULL, NULL, 'STUDENT', 1, '2025-12-07 21:27:10'),
('2400014', 'Sinh viên 14', '2400014@hcmut.edu.vn', '123', NULL, NULL, NULL, 'STUDENT', 1, '2025-12-07 21:27:10'),
('2400015', 'Sinh viên 15', '2400015@hcmut.edu.vn', '123', NULL, NULL, NULL, 'STUDENT', 1, '2025-12-07 21:27:10'),
('2400016', 'Sinh viên 16', '2400016@hcmut.edu.vn', '123', NULL, NULL, NULL, 'STUDENT', 1, '2025-12-07 21:27:10'),
('2400017', 'Sinh viên 17', '2400017@hcmut.edu.vn', '123', NULL, NULL, NULL, 'STUDENT', 1, '2025-12-07 21:27:10'),
('2400018', 'Sinh viên 18', '2400018@hcmut.edu.vn', '123', NULL, NULL, NULL, 'STUDENT', 1, '2025-12-07 21:27:10'),
('2400019', 'Sinh viên 19', '2400019@hcmut.edu.vn', '123', NULL, NULL, NULL, 'STUDENT', 1, '2025-12-07 21:27:10'),
('2400020', 'Sinh viên 20', '2400020@hcmut.edu.vn', '123', NULL, NULL, NULL, 'STUDENT', 1, '2025-12-07 21:27:10'),
('2400021', 'Sinh viên 21', '2400021@hcmut.edu.vn', '123', NULL, NULL, NULL, 'STUDENT', 1, '2025-12-07 21:27:10'),
('2400022', 'Sinh viên 22', '2400022@hcmut.edu.vn', '123', NULL, NULL, NULL, 'STUDENT', 1, '2025-12-07 21:27:10'),
('2400023', 'Sinh viên 23', '2400023@hcmut.edu.vn', '123', NULL, NULL, NULL, 'STUDENT', 1, '2025-12-07 21:27:10'),
('2400024', 'Sinh viên 24', '2400024@hcmut.edu.vn', '123', NULL, NULL, NULL, 'STUDENT', 1, '2025-12-07 21:27:10'),
('2400025', 'Sinh viên 25', '2400025@hcmut.edu.vn', '123', NULL, NULL, NULL, 'STUDENT', 1, '2025-12-07 21:27:10'),
('2400026', 'Sinh viên 26', '2400026@hcmut.edu.vn', '123', NULL, NULL, NULL, 'STUDENT', 1, '2025-12-07 21:27:10'),
('2400027', 'Sinh viên 27', '2400027@hcmut.edu.vn', '123', NULL, NULL, NULL, 'STUDENT', 1, '2025-12-07 21:27:10'),
('2400028', 'Sinh viên 28', '2400028@hcmut.edu.vn', '123', NULL, NULL, NULL, 'STUDENT', 1, '2025-12-07 21:27:10'),
('2400029', 'Sinh viên 29', '2400029@hcmut.edu.vn', '123', NULL, NULL, NULL, 'STUDENT', 1, '2025-12-07 21:27:10'),
('2400030', 'Sinh viên 30', '2400030@hcmut.edu.vn', '123', NULL, NULL, NULL, 'STUDENT', 1, '2025-12-07 21:27:10'),
('2400031', 'Sinh viên 31', '2400031@hcmut.edu.vn', '123', NULL, NULL, NULL, 'STUDENT', 1, '2025-12-07 21:27:10'),
('2400032', 'Sinh viên 32', '2400032@hcmut.edu.vn', '123', NULL, NULL, NULL, 'STUDENT', 1, '2025-12-07 21:27:10'),
('2400033', 'Sinh viên 33', '2400033@hcmut.edu.vn', '123', NULL, NULL, NULL, 'STUDENT', 1, '2025-12-07 21:27:10'),
('2400034', 'Sinh viên 34', '2400034@hcmut.edu.vn', '123', NULL, NULL, NULL, 'STUDENT', 1, '2025-12-07 21:27:10'),
('2400035', 'Sinh viên 35', '2400035@hcmut.edu.vn', '123', NULL, NULL, NULL, 'STUDENT', 1, '2025-12-07 21:27:10'),
('2400036', 'Sinh viên 36', '2400036@hcmut.edu.vn', '123', NULL, NULL, NULL, 'STUDENT', 1, '2025-12-07 21:27:10'),
('2400037', 'Sinh viên 37', '2400037@hcmut.edu.vn', '123', NULL, NULL, NULL, 'STUDENT', 1, '2025-12-07 21:27:10'),
('2400038', 'Sinh viên 38', '2400038@hcmut.edu.vn', '123', NULL, NULL, NULL, 'STUDENT', 1, '2025-12-07 21:27:10'),
('2400039', 'Sinh viên 39', '2400039@hcmut.edu.vn', '123', NULL, NULL, NULL, 'STUDENT', 1, '2025-12-07 21:27:10'),
('2400040', 'Sinh viên 40', '2400040@hcmut.edu.vn', '123', NULL, NULL, NULL, 'STUDENT', 1, '2025-12-07 21:27:10'),
('a2400001', 'Giảng viên 1', 'a2400001@hcmut.edu.vn', '123', NULL, NULL, NULL, 'TEACHER', 1, '2025-12-07 21:27:10'),
('a2400002', 'Giảng viên 2', 'a2400002@hcmut.edu.vn', '123', NULL, NULL, NULL, 'TEACHER', 1, '2025-12-07 21:27:10'),
('a2400003', 'Giảng viên 3', 'a2400003@hcmut.edu.vn', '123', NULL, NULL, NULL, 'TEACHER', 1, '2025-12-07 21:27:10'),
('a2400004', 'Giảng viên 4', 'a2400004@hcmut.edu.vn', '123', NULL, NULL, NULL, 'TEACHER', 1, '2025-12-07 21:27:10'),
('a2400005', 'Giảng viên 5', 'a2400005@hcmut.edu.vn', '123', NULL, NULL, NULL, 'TEACHER', 1, '2025-12-07 21:27:10'),
('admin', 'System Admin', 'admin@hcmut.edu.vn', '123', NULL, NULL, NULL, 'ADMIN', 1, '2025-12-07 21:27:10');

--
-- Chỉ mục cho các bảng đã đổ
--

--
-- Chỉ mục cho bảng `classes`
--
ALTER TABLE `classes`
  ADD PRIMARY KEY (`id`),
  ADD KEY `idx_semester` (`semester`),
  ADD KEY `fk_classes_course` (`course_id`);

--
-- Chỉ mục cho bảng `courses`
--
ALTER TABLE `courses`
  ADD PRIMARY KEY (`id`),
  ADD UNIQUE KEY `code` (`code`);

--
-- Chỉ mục cho bảng `enrollments`
--
ALTER TABLE `enrollments`
  ADD PRIMARY KEY (`id`),
  ADD UNIQUE KEY `unique_enrollment` (`student_id`,`class_id`),
  ADD KEY `fk_enroll_class` (`class_id`),
  ADD KEY `fk_enroll_course` (`course_id`);

--
-- Chỉ mục cho bảng `grades`
--
ALTER TABLE `grades`
  ADD PRIMARY KEY (`id`),
  ADD UNIQUE KEY `unique_grade_record` (`student_id`,`class_id`),
  ADD KEY `fk_grades_class` (`class_id`),
  ADD KEY `fk_grades_course` (`course_id`);

--
-- Chỉ mục cho bảng `grade_configs`
--
ALTER TABLE `grade_configs`
  ADD PRIMARY KEY (`id`),
  ADD UNIQUE KEY `unique_config` (`course_id`,`teacher_id`),
  ADD KEY `fk_config_teacher` (`teacher_id`);

--
-- Chỉ mục cho bảng `teaching_assignments`
--
ALTER TABLE `teaching_assignments`
  ADD PRIMARY KEY (`id`),
  ADD KEY `fk_assign_teacher` (`teacher_id`),
  ADD KEY `fk_assign_course` (`course_id`),
  ADD KEY `fk_assign_class` (`class_id`);

--
-- Chỉ mục cho bảng `users`
--
ALTER TABLE `users`
  ADD PRIMARY KEY (`id`),
  ADD UNIQUE KEY `email` (`email`);

--
-- AUTO_INCREMENT cho các bảng đã đổ
--

--
-- AUTO_INCREMENT cho bảng `grade_configs`
--
ALTER TABLE `grade_configs`
  MODIFY `id` int(11) NOT NULL AUTO_INCREMENT, AUTO_INCREMENT=21;

--
-- Các ràng buộc cho các bảng đã đổ
--

--
-- Các ràng buộc cho bảng `classes`
--
ALTER TABLE `classes`
  ADD CONSTRAINT `fk_classes_course` FOREIGN KEY (`course_id`) REFERENCES `courses` (`id`) ON DELETE CASCADE ON UPDATE CASCADE;

--
-- Các ràng buộc cho bảng `enrollments`
--
ALTER TABLE `enrollments`
  ADD CONSTRAINT `fk_enroll_class` FOREIGN KEY (`class_id`) REFERENCES `classes` (`id`) ON DELETE CASCADE ON UPDATE CASCADE,
  ADD CONSTRAINT `fk_enroll_course` FOREIGN KEY (`course_id`) REFERENCES `courses` (`id`) ON DELETE CASCADE ON UPDATE CASCADE,
  ADD CONSTRAINT `fk_enroll_student` FOREIGN KEY (`student_id`) REFERENCES `users` (`id`) ON DELETE CASCADE ON UPDATE CASCADE;

--
-- Các ràng buộc cho bảng `grades`
--
ALTER TABLE `grades`
  ADD CONSTRAINT `fk_grades_class` FOREIGN KEY (`class_id`) REFERENCES `classes` (`id`) ON DELETE CASCADE ON UPDATE CASCADE,
  ADD CONSTRAINT `fk_grades_course` FOREIGN KEY (`course_id`) REFERENCES `courses` (`id`) ON DELETE CASCADE ON UPDATE CASCADE,
  ADD CONSTRAINT `fk_grades_student` FOREIGN KEY (`student_id`) REFERENCES `users` (`id`) ON DELETE CASCADE ON UPDATE CASCADE;

--
-- Các ràng buộc cho bảng `grade_configs`
--
ALTER TABLE `grade_configs`
  ADD CONSTRAINT `fk_config_course` FOREIGN KEY (`course_id`) REFERENCES `courses` (`id`) ON DELETE CASCADE ON UPDATE CASCADE,
  ADD CONSTRAINT `fk_config_teacher` FOREIGN KEY (`teacher_id`) REFERENCES `users` (`id`) ON DELETE CASCADE ON UPDATE CASCADE;

--
-- Các ràng buộc cho bảng `teaching_assignments`
--
ALTER TABLE `teaching_assignments`
  ADD CONSTRAINT `fk_assign_class` FOREIGN KEY (`class_id`) REFERENCES `classes` (`id`) ON DELETE CASCADE ON UPDATE CASCADE,
  ADD CONSTRAINT `fk_assign_course` FOREIGN KEY (`course_id`) REFERENCES `courses` (`id`) ON DELETE CASCADE ON UPDATE CASCADE,
  ADD CONSTRAINT `fk_assign_teacher` FOREIGN KEY (`teacher_id`) REFERENCES `users` (`id`) ON DELETE CASCADE ON UPDATE CASCADE;
COMMIT;

/*!40101 SET CHARACTER_SET_CLIENT=@OLD_CHARACTER_SET_CLIENT */;
/*!40101 SET CHARACTER_SET_RESULTS=@OLD_CHARACTER_SET_RESULTS */;
/*!40101 SET COLLATION_CONNECTION=@OLD_COLLATION_CONNECTION */;
